id_registro,fecha,frente,partida,unidad,equipo_principal,personal,produccion_programada,produccion_real,cumplimiento_pct,horas_equipo,horas_parada,costo_programado_soles,costo_real_soles,incidencia,control_calidad
OV-00001,2026-01-01,Frente 03,Subbase granular,m3,Motoniveladora,4,503.83,468.39,92.97,10.7,0.49,16122.64,15195.95,Cambio de frente,Conforme
OV-00002,2026-01-01,Frente 03,Cunetas de concreto,m,Excavadora,6,119.47,101.18,84.69,9.58,1.6,17323.38,15223.7,Abastecimiento de material,Conforme
OV-00003,2026-01-02,Frente 01,Cunetas de concreto,m,Motoniveladora,8,116.59,107.85,92.51,10.76,0.25,16904.97,16973.97,Abastecimiento de material,Conforme
OV-00004,2026-01-02,Frente 03,Base granular,m3,Pavimentadora,8,470.58,564.69,120.0,9.58,1.77,17881.95,22994.2,Sin incidencia,Conforme
OV-00005,2026-01-02,Frente 01,Subbase granular,m3,Cargador frontal,4,492.01,492.43,100.09,10.91,1.93,15744.46,16367.96,Sin incidencia,Observado
OV-00006,2026-01-03,Frente 03,Subbase granular,m3,Rodillo,7,457.6,338.7,74.02,10.03,2.01,14643.2,11263.01,Abastecimiento de material,Conforme
OV-00007,2026-01-03,Frente 02,Desbroce y limpieza,m2,Motoniveladora,4,1798.16,1969.12,109.51,10.79,1.12,5034.84,5678.16,Sin incidencia,Conforme
OV-00008,2026-01-03,Frente 02,Excavación roca fija,m3,Excavadora,7,437.4,358.24,81.9,8.29,2.03,12247.3,10109.99,Espera de topografía,Conforme
OV-00009,2026-01-04,Frente 03,Excavación roca fija,m3,Cargador frontal,9,423.94,351.28,82.86,10.38,1.78,11870.45,10241.89,Sin incidencia,Conforme
OV-00010,2026-01-04,Frente 03,Desbroce y limpieza,m2,Excavadora,4,1836.72,1940.48,105.65,8.57,1.07,5142.81,5620.37,Sin incidencia,Conforme
OV-00011,2026-01-05,Frente 03,Subbase granular,m3,Cargador frontal,6,525.27,486.03,92.53,8.12,0.35,16808.79,16968.8,Sin incidencia,Conforme
OV-00012,2026-01-05,Frente 01,Pavimento asfáltico,t,Cargador frontal,7,306.84,307.27,100.14,8.98,1.25,56766.17,58590.76,Sin incidencia,Conforme
OV-00013,2026-01-06,Frente 03,Excavación roca fija,m3,Motoniveladora,4,433.86,513.44,118.34,7.49,0.8,12148.13,15674.21,Espera de topografía,Conforme
OV-00014,2026-01-06,Frente 02,Desbroce y limpieza,m2,Motoniveladora,5,1889.28,1762.56,93.29,9.12,0.66,5289.97,5127.29,Espera de topografía,Conforme
OV-00015,2026-01-07,Frente 03,Excavación material suelto,m3,Rodillo,4,959.2,1104.83,115.18,9.39,0.81,9112.41,11383.17,Falla mecánica,Conforme
OV-00016,2026-01-07,Frente 01,Base granular,m3,Cargador frontal,8,432.27,481.47,111.38,8.54,1.23,16426.12,18801.17,Sin incidencia,Conforme
OV-00017,2026-01-07,Frente 01,Desbroce y limpieza,m2,Pavimentadora,7,1830.67,1445.35,78.95,7.76,1.07,5125.89,4292.28,Sin incidencia,Conforme
OV-00018,2026-01-08,Frente 01,Subbase granular,m3,Excavadora,5,547.41,520.65,95.11,9.62,0.24,17517.04,17946.15,Sin incidencia,Conforme
OV-00019,2026-01-08,Frente 03,Pavimento asfáltico,t,Volquete,5,286.02,244.3,85.41,9.51,0.85,52913.86,48560.13,Sin incidencia,Conforme
OV-00020,2026-01-09,Frente 02,Pavimento asfáltico,t,Volquete,6,299.29,265.93,88.85,10.33,0.82,55369.53,51769.26,Cambio de frente,Conforme
OV-00021,2026-01-09,Frente 03,Excavación roca fija,m3,Pavimentadora,6,443.36,302.44,68.22,9.67,2.39,12413.95,8786.77,Sin incidencia,Conforme
OV-00022,2026-01-09,Frente 01,Cunetas de concreto,m,Cargador frontal,8,101.51,90.94,89.58,7.4,1.35,14719.55,13719.01,Sin incidencia,Conforme
OV-00023,2026-01-10,Frente 01,Cunetas de concreto,m,Pavimentadora,4,106.5,97.27,91.34,9.74,0.68,15442.25,14830.24,Cambio de frente,Conforme
OV-00024,2026-01-10,Frente 02,Base granular,m3,Volquete,4,414.29,389.82,94.09,8.58,0.93,15743.16,15703.71,Sin incidencia,Conforme
OV-00025,2026-01-11,Frente 02,Excavación material suelto,m3,Pavimentadora,8,962.24,1091.25,113.41,8.81,0.7,9141.26,10607.49,Sin incidencia,Conforme
OV-00026,2026-01-11,Frente 01,Base granular,m3,Volquete,6,404.8,335.27,82.82,7.88,0.92,15382.4,13091.48,Sin incidencia,Conforme
OV-00027,2026-01-11,Frente 01,Cunetas de concreto,m,Excavadora,6,115.17,113.39,98.45,8.5,0.14,16699.48,16647.28,Sin incidencia,Conforme
OV-00028,2026-01-11,Frente 03,Pavimento asfáltico,t,Rodillo,6,300.96,232.51,77.26,7.98,1.42,55676.98,44322.5,Espera de topografía,Observado
OV-00029,2026-01-12,Frente 01,Base granular,m3,Volquete,4,471.79,509.24,107.94,10.11,1.39,17927.9,20991.91,Falla mecánica,Conforme
OV-00030,2026-01-12,Frente 01,Excavación roca fija,m3,Excavadora,7,415.09,355.44,85.63,8.38,1.47,11622.38,10756.42,Sin incidencia,Observado
OV-00031,2026-01-13,Frente 01,Pavimento asfáltico,t,Motoniveladora,8,293.94,219.02,74.51,10.41,1.2,54379.23,40644.86,Sin incidencia,Conforme
OV-00032,2026-01-13,Frente 03,Subbase granular,m3,Excavadora,5,552.15,516.68,93.58,8.29,1.5,17668.74,17849.94,Sin incidencia,Conforme
OV-00033,2026-01-13,Frente 02,Desbroce y limpieza,m2,Pavimentadora,6,1802.61,1516.35,84.12,7.73,0.86,5047.31,4647.65,Sin incidencia,Conforme
OV-00034,2026-01-14,Frente 02,Cunetas de concreto,m,Volquete,8,119.54,119.15,99.68,9.92,0.79,17333.7,17415.77,Sin incidencia,Conforme
OV-00035,2026-01-14,Frente 03,Excavación roca fija,m3,Pavimentadora,7,447.86,377.51,84.29,10.62,0.8,12540.21,11106.71,Falla mecánica,Conforme
OV-00036,2026-01-14,Frente 01,Desbroce y limpieza,m2,Rodillo,5,1970.16,1711.47,86.87,10.02,1.22,5516.44,5019.66,Falla mecánica,Observado
OV-00037,2026-01-14,Frente 02,Excavación material suelto,m3,Volquete,4,976.89,997.58,102.12,9.52,0.33,9280.41,9613.2,Sin incidencia,Conforme
OV-00038,2026-01-15,Frente 02,Pavimento asfáltico,t,Excavadora,4,342.27,298.48,87.21,10.53,1.86,63319.69,58064.52,Sin incidencia,Conforme
OV-00039,2026-01-15,Frente 03,Subbase granular,m3,Pavimentadora,6,563.02,466.8,82.91,7.32,1.16,18016.66,15293.56,Sin incidencia,Conforme
OV-00040,2026-01-15,Frente 01,Excavación material suelto,m3,Motoniveladora,5,866.45,787.98,90.94,6.15,0.91,8231.28,7767.69,Sin incidencia,Conforme
OV-00041,2026-01-15,Frente 03,Excavación roca fija,m3,Volquete,7,404.91,457.27,112.93,11.46,0.62,11337.44,13590.26,Sin incidencia,Conforme
OV-00042,2026-01-16,Frente 03,Base granular,m3,Pavimentadora,5,500.55,552.73,110.42,10.45,0.22,19021.09,21360.31,Sin incidencia,Conforme
OV-00043,2026-01-16,Frente 03,Subbase granular,m3,Volquete,7,517.73,446.67,86.27,11.01,1.44,16567.43,14504.74,Sin incidencia,Conforme
OV-00044,2026-01-16,Frente 01,Desbroce y limpieza,m2,Pavimentadora,7,1688.98,1087.23,64.37,7.41,1.42,4729.15,3093.63,Sin incidencia,Observado
OV-00045,2026-01-17,Frente 01,Base granular,m3,Cargador frontal,5,423.01,302.18,71.44,9.97,0.82,16074.2,11526.9,Sin incidencia,Observado
OV-00046,2026-01-17,Frente 01,Excavación roca fija,m3,Pavimentadora,9,421.16,393.34,93.39,8.99,0.46,11792.52,11248.37,Sin incidencia,Conforme
OV-00047,2026-01-18,Frente 02,Cunetas de concreto,m,Cargador frontal,5,119.18,114.62,96.17,10.66,1.46,17281.81,17857.24,Espera de topografía,Observado
OV-00048,2026-01-18,Frente 03,Excavación material suelto,m3,Rodillo,4,932.45,776.08,83.23,8.18,0.47,8858.27,7588.1,Sin incidencia,Conforme
OV-00049,2026-01-19,Frente 01,Desbroce y limpieza,m2,Volquete,7,1624.73,1840.47,113.28,8.6,0.42,4549.25,5467.46,Clima,Observado
OV-00050,2026-01-19,Frente 02,Pavimento asfáltico,t,Motoniveladora,9,281.43,303.48,107.83,10.07,0.91,52065.4,59069.91,Sin incidencia,Conforme
OV-00051,2026-01-20,Frente 02,Cunetas de concreto,m,Motoniveladora,6,115.35,111.82,96.94,10.18,1.95,16725.64,16855.83,Sin incidencia,Conforme
OV-00052,2026-01-20,Frente 01,Pavimento asfáltico,t,Cargador frontal,4,310.75,209.93,67.56,6.49,0.9,57488.99,39152.05,Sin incidencia,Observado
OV-00053,2026-01-20,Frente 02,Excavación roca fija,m3,Rodillo,5,423.26,330.97,78.19,9.84,1.64,11851.35,9757.54,Sin incidencia,Conforme
OV-00054,2026-01-21,Frente 01,Subbase granular,m3,Rodillo,7,505.82,252.91,50.0,8.81,1.89,16186.14,8442.07,Sin incidencia,Conforme
OV-00055,2026-01-21,Frente 03,Cunetas de concreto,m,Volquete,8,128.25,86.03,67.08,8.34,1.83,18596.34,13392.38,Cambio de frente,Conforme
OV-00056,2026-01-21,Frente 01,Base granular,m3,Pavimentadora,4,480.26,384.06,79.97,9.62,1.09,18249.72,14919.17,Sin incidencia,Conforme
OV-00057,2026-01-22,Frente 03,Cunetas de concreto,m,Cargador frontal,8,118.71,87.85,74.0,10.34,0.84,17213.57,13639.3,Sin incidencia,Conforme
OV-00058,2026-01-22,Frente 02,Excavación roca fija,m3,Pavimentadora,8,445.75,449.09,100.75,9.51,0.91,12481.08,12646.99,Espera de topografía,Conforme
OV-00059,2026-01-23,Frente 03,Excavación roca fija,m3,Volquete,9,426.83,386.14,90.47,9.93,1.1,11951.28,11082.15,Sin incidencia,Conforme
OV-00060,2026-01-23,Frente 01,Excavación material suelto,m3,Motoniveladora,6,1035.29,844.58,81.58,11.96,0.52,9835.24,8063.41,Cambio de frente,Conforme
OV-00061,2026-01-23,Frente 03,Cunetas de concreto,m,Motoniveladora,9,124.91,122.71,98.24,9.69,0.78,18111.84,18493.02,Espera de topografía,Conforme
OV-00062,2026-01-24,Frente 01,Subbase granular,m3,Rodillo,8,510.8,467.46,91.51,9.64,0.72,16345.67,16266.35,Espera de topografía,Conforme
OV-00063,2026-01-24,Frente 03,Base granular,m3,Rodillo,4,424.8,468.28,110.23,9.52,1.05,16142.55,18259.85,Sin incidencia,Conforme
OV-00064,2026-01-24,Frente 01,Desbroce y limpieza,m2,Pavimentadora,7,1773.27,1881.91,106.13,7.64,0.23,4965.15,5712.71,Sin incidencia,Conforme
OV-00065,2026-01-24,Frente 03,Excavación material suelto,m3,Excavadora,8,1005.46,736.98,73.3,10.01,1.39,9551.92,7690.03,Clima,Conforme
OV-00066,2026-01-25,Frente 01,Subbase granular,m3,Cargador frontal,5,529.85,400.7,75.62,9.84,1.18,16955.32,12863.74,Espera de topografía,Conforme
OV-00067,2026-01-25,Frente 01,Pavimento asfáltico,t,Pavimentadora,4,314.33,377.19,120.0,10.21,0.57,58150.71,75822.01,Sin incidencia,Conforme
OV-00068,2026-01-25,Frente 02,Base granular,m3,Cargador frontal,6,469.21,493.96,105.27,8.96,0.67,17830.07,19807.48,Sin incidencia,Conforme
OV-00069,2026-01-26,Frente 02,Base granular,m3,Motoniveladora,4,452.07,496.07,109.73,7.32,0.43,17178.47,20261.35,Sin incidencia,Conforme
OV-00070,2026-01-26,Frente 03,Desbroce y limpieza,m2,Pavimentadora,6,1923.02,1821.5,94.72,10.24,0.47,5384.46,5288.01,Espera de topografía,Conforme
OV-00071,2026-01-26,Frente 01,Excavación material suelto,m3,Cargador frontal,4,1008.57,616.91,61.17,9.45,1.25,9581.39,6274.96,Abastecimiento de material,Conforme
OV-00072,2026-01-27,Frente 01,Subbase granular,m3,Pavimentadora,4,500.32,502.4,100.42,8.89,1.42,16010.1,16497.77,Sin incidencia,Conforme
OV-00073,2026-01-27,Frente 03,Base granular,m3,Cargador frontal,7,480.16,388.23,80.85,8.44,1.09,18246.14,15726.59,Espera de topografía,Conforme
OV-00074,2026-01-27,Frente 02,Cunetas de concreto,m,Cargador frontal,9,122.45,103.56,84.57,7.78,1.37,17755.52,15620.93,Cambio de frente,Conforme
OV-00075,2026-01-28,Frente 01,Pavimento asfáltico,t,Cargador frontal,9,312.81,332.77,106.38,10.39,0.92,57869.83,66527.28,Falla mecánica,Conforme
OV-00076,2026-01-28,Frente 03,Base granular,m3,Rodillo,7,472.31,543.26,115.02,7.89,0.5,17947.64,20864.99,Abastecimiento de material,Observado
OV-00077,2026-01-28,Frente 01,Subbase granular,m3,Cargador frontal,8,522.09,435.79,83.47,9.95,1.24,16706.99,14996.36,Sin incidencia,Conforme
OV-00078,2026-01-29,Frente 02,Excavación roca fija,m3,Cargador frontal,8,417.98,366.24,87.62,8.9,0.37,11703.44,11077.35,Sin incidencia,Conforme
OV-00079,2026-01-29,Frente 03,Excavación material suelto,m3,Rodillo,5,980.06,892.81,91.1,10.99,0.52,9310.54,8555.92,Sin incidencia,Conforme
OV-00080,2026-01-29,Frente 01,Cunetas de concreto,m,Pavimentadora,7,105.97,109.26,103.1,8.98,1.25,15365.97,17392.12,Cambio de frente,Conforme
OV-00081,2026-01-30,Frente 02,Excavación roca fija,m3,Pavimentadora,6,435.21,395.61,90.9,8.63,0.52,12185.79,11701.96,Cambio de frente,Conforme
OV-00082,2026-01-30,Frente 01,Desbroce y limpieza,m2,Rodillo,9,1848.55,1288.31,69.69,7.92,1.57,5175.95,3613.58,Sin incidencia,Conforme
OV-00083,2026-01-30,Frente 03,Cunetas de concreto,m,Excavadora,6,109.61,103.64,94.55,11.3,0.42,15894.13,16473.03,Sin incidencia,Conforme
OV-00084,2026-01-31,Frente 02,Desbroce y limpieza,m2,Pavimentadora,8,1776.21,1711.61,96.36,6.15,1.39,4973.38,4892.4,Sin incidencia,Conforme
OV-00085,2026-01-31,Frente 01,Subbase granular,m3,Motoniveladora,8,545.75,507.04,92.91,9.16,0.91,17464.06,16439.22,Falla mecánica,Conforme
OV-00086,2026-01-31,Frente 02,Excavación material suelto,m3,Pavimentadora,9,963.77,777.6,80.68,8.23,2.11,9155.77,7869.34,Espera de topografía,Observado
OV-00087,2026-01-31,Frente 03,Cunetas de concreto,m,Motoniveladora,9,115.32,90.98,78.89,8.77,1.1,16721.94,14094.89,Sin incidencia,Conforme
OV-00088,2026-02-01,Frente 01,Cunetas de concreto,m,Cargador frontal,4,112.48,109.95,97.75,8.17,0.51,16309.72,17202.77,Falla mecánica,Conforme
OV-00089,2026-02-01,Frente 03,Pavimento asfáltico,t,Cargador frontal,6,326.36,329.24,100.88,9.58,1.2,60377.44,64815.87,Sin incidencia,Conforme
OV-00090,2026-02-01,Frente 02,Excavación roca fija,m3,Pavimentadora,9,429.58,320.45,74.6,7.96,0.96,12028.18,9071.22,Sin incidencia,Conforme
OV-00091,2026-02-01,Frente 02,Subbase granular,m3,Volquete,9,499.8,576.86,115.42,10.25,0.95,15993.51,18526.29,Clima,Conforme
OV-00092,2026-02-02,Frente 01,Cunetas de concreto,m,Volquete,7,122.68,122.98,100.24,9.41,0.19,17788.94,18723.03,Cambio de frente,Conforme
OV-00093,2026-02-02,Frente 03,Excavación material suelto,m3,Cargador frontal,9,999.88,702.91,70.3,8.21,1.38,9498.88,6713.74,Abastecimiento de material,Conforme
OV-00094,2026-02-02,Frente 02,Pavimento asfáltico,t,Excavadora,6,332.8,304.11,91.38,9.98,0.5,61567.12,61274.71,Sin incidencia,Conforme
OV-00095,2026-02-02,Frente 01,Base granular,m3,Cargador frontal,9,429.98,413.82,96.24,10.95,0.3,16339.28,15815.21,Falla mecánica,Conforme
OV-00096,2026-02-03,Frente 01,Cunetas de concreto,m,Pavimentadora,5,109.74,80.65,73.49,10.13,1.64,15913.0,12654.15,Sin incidencia,Observado
OV-00097,2026-02-03,Frente 03,Subbase granular,m3,Volquete,7,511.02,506.81,99.18,8.26,1.17,16352.67,16772.2,Cambio de frente,Conforme
OV-00098,2026-02-03,Frente 03,Base granular,m3,Excavadora,7,454.69,358.13,78.76,9.98,1.6,17278.13,14063.17,Sin incidencia,Conforme
OV-00099,2026-02-04,Frente 03,Base granular,m3,Excavadora,9,436.23,491.38,112.64,8.08,0.0,16576.71,19402.26,Sin incidencia,Conforme
OV-00100,2026-02-04,Frente 02,Pavimento asfáltico,t,Excavadora,9,304.02,271.43,89.28,8.35,1.79,56243.63,51652.24,Sin incidencia,Conforme
OV-00101,2026-02-04,Frente 02,Excavación roca fija,m3,Pavimentadora,6,408.14,349.56,85.65,9.29,0.5,11427.83,10410.71,Sin incidencia,Conforme
OV-00102,2026-02-05,Frente 02,Desbroce y limpieza,m2,Pavimentadora,9,1649.4,1664.58,100.92,7.85,0.9,4618.32,4750.47,Clima,Conforme
OV-00103,2026-02-05,Frente 01,Base granular,m3,Volquete,4,404.8,309.36,76.42,7.27,2.14,15382.4,12198.65,Falla mecánica,Observado
OV-00104,2026-02-05,Frente 03,Subbase granular,m3,Rodillo,7,513.19,496.33,96.72,7.99,0.67,16421.98,16813.07,Sin incidencia,Conforme
OV-00105,2026-02-05,Frente 03,Excavación roca fija,m3,Cargador frontal,6,412.17,336.14,81.55,10.08,1.74,11540.65,10291.99,Sin incidencia,Conforme
OV-00106,2026-02-06,Frente 02,Excavación roca fija,m3,Pavimentadora,7,450.86,427.44,94.81,12.0,0.78,12624.05,12390.03,Cambio de frente,Conforme
OV-00107,2026-02-06,Frente 02,Pavimento asfáltico,t,Excavadora,6,323.03,178.28,55.19,8.74,1.56,59759.93,34085.11,Abastecimiento de material,Conforme
OV-00108,2026-02-06,Frente 03,Cunetas de concreto,m,Rodillo,4,110.37,79.42,71.95,9.82,1.91,16003.8,11662.33,Abastecimiento de material,Conforme
OV-00109,2026-02-07,Frente 02,Base granular,m3,Cargador frontal,4,417.59,372.66,89.24,7.04,1.46,15868.55,14873.28,Sin incidencia,Conforme
OV-00110,2026-02-07,Frente 01,Excavación material suelto,m3,Motoniveladora,4,970.19,1050.94,108.32,9.96,1.18,9216.85,10271.35,Sin incidencia,Conforme
OV-00111,2026-02-07,Frente 01,Subbase granular,m3,Cargador frontal,6,532.81,533.02,100.04,10.35,1.13,17049.96,18507.45,Falla mecánica,Conforme
OV-00112,2026-02-07,Frente 01,Desbroce y limpieza,m2,Excavadora,9,1748.83,1293.46,73.96,8.97,2.33,4896.72,3855.04,Clima,Conforme
OV-00113,2026-02-08,Frente 03,Subbase granular,m3,Excavadora,6,569.93,454.33,79.72,9.22,2.12,18237.8,15062.94,Cambio de frente,Conforme
OV-00114,2026-02-08,Frente 01,Excavación roca fija,m3,Excavadora,6,425.8,473.7,111.25,9.37,0.6,11922.3,14388.45,Cambio de frente,Conforme
OV-00115,2026-02-08,Frente 03,Pavimento asfáltico,t,Volquete,6,311.67,277.49,89.03,9.94,1.82,57658.82,54534.64,Sin incidencia,Conforme
OV-00116,2026-02-08,Frente 02,Desbroce y limpieza,m2,Excavadora,8,1896.08,1976.62,104.25,8.98,1.22,5309.01,5892.41,Sin incidencia,Conforme
OV-00117,2026-02-09,Frente 03,Pavimento asfáltico,t,Rodillo,8,272.8,316.83,116.14,8.36,0.42,50468.0,59177.44,Sin incidencia,Conforme
OV-00118,2026-02-09,Frente 03,Excavación material suelto,m3,Rodillo,7,1008.42,1054.61,104.58,10.25,0.34,9579.94,10020.32,Sin incidencia,Conforme
OV-00119,2026-02-09,Frente 01,Base granular,m3,Pavimentadora,7,464.74,471.72,101.5,7.55,0.0,17660.1,19645.51,Espera de topografía,Observado
OV-00120,2026-02-10,Frente 03,Excavación roca fija,m3,Motoniveladora,6,405.12,202.56,50.0,9.03,1.79,11343.4,6155.49,Sin incidencia,Conforme
OV-00121,2026-02-10,Frente 03,Pavimento asfáltico,t,Cargador frontal,5,318.06,253.5,79.7,10.07,0.88,58840.9,51569.91,Sin incidencia,Conforme
OV-00122,2026-02-10,Frente 02,Subbase granular,m3,Cargador frontal,4,504.51,500.02,99.11,10.72,1.05,16144.43,16780.35,Sin incidencia,Conforme
OV-00123,2026-02-10,Frente 01,Excavación material suelto,m3,Cargador frontal,9,896.16,567.66,63.34,10.35,1.51,8513.48,5731.12,Clima,Conforme
OV-00124,2026-02-11,Frente 03,Base granular,m3,Excavadora,5,450.42,453.8,100.75,8.13,0.82,17115.93,17991.42,Sin incidencia,Conforme
OV-00125,2026-02-11,Frente 01,Cunetas de concreto,m,Pavimentadora,9,105.78,108.6,102.67,8.14,1.12,15337.87,15921.17,Sin incidencia,Conforme
OV-00126,2026-02-12,Frente 02,Subbase granular,m3,Motoniveladora,7,526.98,586.21,111.24,7.68,0.84,16863.37,19541.24,Sin incidencia,Conforme
OV-00127,2026-02-12,Frente 02,Pavimento asfáltico,t,Motoniveladora,7,282.03,281.04,99.65,8.39,0.78,52174.68,52092.48,Sin incidencia,Conforme
OV-00128,2026-02-13,Frente 01,Pavimento asfáltico,t,Motoniveladora,7,295.65,264.54,89.48,10.55,0.55,54695.27,49121.08,Sin incidencia,Conforme
OV-00129,2026-02-13,Frente 02,Cunetas de concreto,m,Pavimentadora,8,119.35,115.74,96.97,10.28,0.35,17305.89,17604.24,Sin incidencia,Conforme
OV-00130,2026-02-13,Frente 01,Desbroce y limpieza,m2,Motoniveladora,9,1902.26,1563.2,82.18,10.23,1.12,5326.34,4711.56,Sin incidencia,Conforme
OV-00131,2026-02-14,Frente 01,Desbroce y limpieza,m2,Pavimentadora,6,1779.11,1418.22,79.71,9.03,0.65,4981.5,4150.97,Sin incidencia,Conforme
OV-00132,2026-02-14,Frente 03,Subbase granular,m3,Motoniveladora,9,534.0,555.86,104.09,12.0,0.21,17087.92,19081.83,Cambio de frente,Conforme
OV-00133,2026-02-15,Frente 02,Pavimento asfáltico,t,Rodillo,5,317.75,304.07,95.69,9.01,0.91,58784.61,60455.11,Sin incidencia,Conforme
OV-00134,2026-02-15,Frente 03,Excavación roca fija,m3,Excavadora,7,440.51,385.27,87.46,10.92,1.86,12334.33,11706.12,Falla mecánica,Conforme
OV-00135,2026-02-15,Frente 01,Cunetas de concreto,m,Pavimentadora,9,101.82,94.49,92.81,11.03,0.96,14763.54,14880.73,Sin incidencia,Conforme
OV-00136,2026-02-15,Frente 02,Subbase granular,m3,Pavimentadora,9,521.47,443.27,85.0,8.36,1.37,16687.01,14471.3,Cambio de frente,Conforme
OV-00137,2026-02-16,Frente 02,Desbroce y limpieza,m2,Motoniveladora,5,1943.45,2204.7,113.44,8.98,0.02,5441.66,6387.23,Cambio de frente,Conforme
OV-00138,2026-02-16,Frente 03,Cunetas de concreto,m,Pavimentadora,7,118.06,105.61,89.45,8.48,1.79,17119.02,16036.61,Sin incidencia,Conforme
OV-00139,2026-02-17,Frente 01,Cunetas de concreto,m,Pavimentadora,7,120.69,90.72,75.17,10.56,1.6,17500.28,13768.62,Cambio de frente,Conforme
OV-00140,2026-02-17,Frente 03,Excavación material suelto,m3,Pavimentadora,9,910.39,642.3,70.55,7.16,1.6,8648.72,6541.93,Sin incidencia,Conforme
OV-00141,2026-02-18,Frente 02,Subbase granular,m3,Motoniveladora,4,533.45,543.57,101.9,9.0,0.84,17070.44,17520.6,Sin incidencia,Conforme
OV-00142,2026-02-18,Frente 01,Base granular,m3,Cargador frontal,9,475.98,407.27,85.57,8.1,1.11,18087.16,15727.18,Sin incidencia,Conforme
OV-00143,2026-02-18,Frente 03,Excavación material suelto,m3,Cargador frontal,8,916.32,588.11,64.18,8.67,0.96,8705.0,5768.48,Sin incidencia,Conforme
OV-00144,2026-02-18,Frente 01,Excavación roca fija,m3,Cargador frontal,8,389.98,310.69,79.67,10.68,0.0,10919.33,9530.14,Clima,Conforme
OV-00145,2026-02-19,Frente 03,Excavación material suelto,m3,Motoniveladora,5,859.73,620.73,72.2,10.65,1.83,8167.45,5994.71,Clima,Conforme
OV-00146,2026-02-19,Frente 02,Subbase granular,m3,Volquete,5,501.43,482.92,96.31,9.91,0.43,16045.71,16838.38,Falla mecánica,Conforme
OV-00147,2026-02-19,Frente 03,Cunetas de concreto,m,Cargador frontal,5,122.18,117.21,95.93,7.26,0.57,17716.59,18100.99,Sin incidencia,Conforme
OV-00148,2026-02-20,Frente 03,Subbase granular,m3,Excavadora,5,558.88,540.62,96.73,9.67,0.99,17884.3,18342.62,Falla mecánica,Conforme
OV-00149,2026-02-20,Frente 01,Excavación roca fija,m3,Volquete,9,396.44,410.63,103.58,9.66,1.08,11100.37,12381.54,Clima,Conforme
OV-00150,2026-02-21,Frente 03,Subbase granular,m3,Pavimentadora,7,535.2,487.96,91.17,7.47,0.0,17126.4,15707.01,Clima,Conforme
OV-00151,2026-02-21,Frente 03,Cunetas de concreto,m,Excavadora,5,121.26,108.54,89.51,9.51,1.62,17582.87,17198.5,Sin incidencia,Conforme
OV-00152,2026-02-21,Frente 01,Base granular,m3,Excavadora,5,465.73,368.8,79.19,9.26,1.31,17697.74,15168.54,Cambio de frente,Conforme
OV-00153,2026-02-21,Frente 01,Pavimento asfáltico,t,Pavimentadora,4,280.19,237.66,84.82,10.35,2.03,51834.89,47466.1,Sin incidencia,Conforme
OV-00154,2026-02-22,Frente 01,Cunetas de concreto,m,Pavimentadora,5,110.41,103.91,94.12,8.17,0.56,16009.4,16535.83,Sin incidencia,Conforme
OV-00155,2026-02-22,Frente 01,Excavación roca fija,m3,Excavadora,7,433.18,341.21,78.77,8.72,2.84,12129.09,9942.54,Sin incidencia,Conforme
OV-00156,2026-02-22,Frente 03,Pavimento asfáltico,t,Pavimentadora,7,294.87,247.67,83.99,10.34,1.98,54551.54,47898.62,Sin incidencia,Conforme
OV-00157,2026-02-22,Frente 03,Desbroce y limpieza,m2,Motoniveladora,9,1824.87,1899.9,104.11,7.04,0.24,5109.63,5593.53,Espera de topografía,Conforme
OV-00158,2026-02-23,Frente 01,Desbroce y limpieza,m2,Motoniveladora,6,1901.11,2073.73,109.08,8.72,0.57,5323.11,5809.12,Sin incidencia,Conforme
OV-00159,2026-02-23,Frente 02,Pavimento asfáltico,t,Rodillo,4,282.43,275.59,97.58,9.55,1.67,52250.35,52024.84,Sin incidencia,Conforme
OV-00160,2026-02-23,Frente 03,Excavación roca fija,m3,Motoniveladora,6,414.2,308.21,74.41,9.19,1.54,11597.62,9390.92,Abastecimiento de material,Conforme
OV-00161,2026-02-24,Frente 03,Cunetas de concreto,m,Cargador frontal,4,120.5,99.76,82.79,8.92,1.37,17473.07,15450.17,Sin incidencia,Conforme
OV-00162,2026-02-24,Frente 01,Base granular,m3,Pavimentadora,8,479.26,450.15,93.93,8.66,0.43,18212.04,17457.34,Sin incidencia,Conforme
OV-00163,2026-02-24,Frente 03,Desbroce y limpieza,m2,Pavimentadora,7,1698.23,1564.8,92.14,6.96,2.06,4755.03,4539.66,Abastecimiento de material,Conforme
OV-00164,2026-02-24,Frente 03,Pavimento asfáltico,t,Pavimentadora,9,308.34,326.79,105.99,6.54,0.99,57042.35,65104.05,Sin incidencia,Conforme
OV-00165,2026-02-25,Frente 03,Desbroce y limpieza,m2,Pavimentadora,5,1668.83,1677.8,100.54,7.02,0.57,4672.74,4834.48,Sin incidencia,Conforme
OV-00166,2026-02-25,Frente 02,Pavimento asfáltico,t,Excavadora,4,335.35,312.24,93.11,9.28,0.64,62039.33,59967.05,Sin incidencia,Conforme
OV-00167,2026-02-25,Frente 01,Subbase granular,m3,Volquete,6,513.69,484.21,94.26,7.69,0.18,16438.07,16348.05,Sin incidencia,Conforme
OV-00168,2026-02-26,Frente 02,Pavimento asfáltico,t,Motoniveladora,6,331.56,292.1,88.1,6.47,1.35,61339.47,56643.81,Falla mecánica,Conforme
OV-00169,2026-02-26,Frente 03,Cunetas de concreto,m,Cargador frontal,9,123.29,123.57,100.23,10.7,1.11,17877.04,18930.73,Sin incidencia,Conforme
OV-00170,2026-02-26,Frente 01,Desbroce y limpieza,m2,Excavadora,9,1909.16,1989.31,104.2,9.07,0.42,5345.64,5846.32,Sin incidencia,Conforme
OV-00171,2026-02-26,Frente 03,Base granular,m3,Rodillo,8,434.98,340.29,78.23,7.85,0.84,16529.38,13261.65,Abastecimiento de material,Conforme
OV-00172,2026-02-27,Frente 03,Excavación material suelto,m3,Cargador frontal,4,951.21,1013.9,106.59,7.42,0.25,9036.54,9788.71,Espera de topografía,Conforme
OV-00173,2026-02-27,Frente 03,Cunetas de concreto,m,Cargador frontal,7,116.02,123.11,106.11,10.32,1.24,16822.43,19375.0,Abastecimiento de material,Conforme
OV-00174,2026-02-27,Frente 03,Base granular,m3,Excavadora,6,462.86,422.79,91.34,8.94,1.39,17588.82,16412.66,Sin incidencia,Conforme
OV-00175,2026-02-28,Frente 03,Pavimento asfáltico,t,Cargador frontal,6,317.66,294.97,92.86,10.31,0.99,58766.67,59433.28,Sin incidencia,Conforme
OV-00176,2026-02-28,Frente 02,Base granular,m3,Pavimentadora,8,404.8,389.34,96.18,8.61,0.67,15382.4,15292.08,Sin incidencia,Conforme
OV-00177,2026-02-28,Frente 03,Excavación roca fija,m3,Cargador frontal,5,445.2,410.63,92.23,7.49,0.0,12465.69,12233.29,Espera de topografía,Observado
OV-00178,2026-02-28,Frente 02,Desbroce y limpieza,m2,Motoniveladora,6,1817.44,1618.82,89.07,10.75,0.96,5088.83,4859.5,Clima,Conforme
OV-00179,2026-03-01,Frente 02,Subbase granular,m3,Excavadora,4,491.19,443.59,90.31,9.71,1.09,15717.96,15361.75,Sin incidencia,Conforme
OV-00180,2026-03-01,Frente 01,Excavación material suelto,m3,Volquete,6,903.61,827.54,91.58,10.75,2.07,8584.31,8575.63,Sin incidencia,Conforme
OV-00181,2026-03-01,Frente 03,Excavación roca fija,m3,Motoniveladora,6,453.77,364.29,80.28,9.64,1.07,12705.61,11164.37,Sin incidencia,Conforme
OV-00182,2026-03-01,Frente 03,Pavimento asfáltico,t,Motoniveladora,4,294.54,296.89,100.8,10.47,0.88,54489.15,55542.0,Falla mecánica,Conforme
OV-00183,2026-03-02,Frente 02,Excavación material suelto,m3,Motoniveladora,8,932.85,748.47,80.23,11.41,1.24,8862.08,7713.27,Sin incidencia,Conforme
OV-00184,2026-03-02,Frente 01,Pavimento asfáltico,t,Cargador frontal,8,318.88,258.38,81.03,8.87,2.0,58992.92,49701.28,Clima,Conforme
OV-00185,2026-03-03,Frente 01,Desbroce y limpieza,m2,Motoniveladora,4,2016.0,1809.22,89.74,7.23,1.11,5644.8,5351.95,Sin incidencia,Conforme
OV-00186,2026-03-03,Frente 01,Base granular,m3,Volquete,5,453.55,340.32,75.04,10.08,1.12,17234.76,14021.47,Sin incidencia,Conforme
OV-00187,2026-03-04,Frente 02,Subbase granular,m3,Excavadora,7,500.69,362.15,72.33,10.16,1.55,16022.02,12092.73,Cambio de frente,Observado
OV-00188,2026-03-04,Frente 01,Cunetas de concreto,m,Cargador frontal,6,120.9,107.11,88.59,11.06,1.24,17531.1,15658.51,Sin incidencia,Observado
OV-00189,2026-03-04,Frente 03,Base granular,m3,Excavadora,8,458.44,398.85,87.0,8.64,1.15,17420.68,15566.53,Abastecimiento de material,Conforme
OV-00190,2026-03-04,Frente 02,Pavimento asfáltico,t,Motoniveladora,4,304.51,247.22,81.19,7.68,1.47,56334.48,49392.92,Abastecimiento de material,Conforme
OV-00191,2026-03-05,Frente 03,Base granular,m3,Pavimentadora,6,463.39,448.96,96.89,10.12,0.2,17608.75,18707.12,Sin incidencia,Conforme
OV-00192,2026-03-05,Frente 01,Excavación material suelto,m3,Pavimentadora,6,1011.57,1091.49,107.9,8.07,0.51,9609.94,11256.94,Sin incidencia,Conforme
OV-00193,2026-03-05,Frente 03,Excavación roca fija,m3,Cargador frontal,5,423.7,388.09,91.59,7.82,0.51,11863.69,10931.99,Espera de topografía,Conforme
OV-00194,2026-03-06,Frente 03,Cunetas de concreto,m,Motoniveladora,5,105.41,94.4,89.55,8.39,0.53,15284.8,14934.05,Sin incidencia,Conforme
OV-00195,2026-03-06,Frente 03,Desbroce y limpieza,m2,Volquete,7,1801.03,1388.11,77.07,8.36,1.13,5042.89,4068.58,Sin incidencia,Conforme
OV-00196,2026-03-06,Frente 03,Excavación material suelto,m3,Rodillo,4,933.58,1011.43,108.34,7.77,0.0,8869.01,10093.41,Espera de topografía,Conforme
OV-00197,2026-03-06,Frente 01,Excavación roca fija,m3,Pavimentadora,8,449.87,389.95,86.68,8.43,0.93,12596.25,11421.49,Sin incidencia,Conforme
OV-00198,2026-03-07,Frente 01,Excavación material suelto,m3,Rodillo,4,917.51,957.9,104.4,8.99,0.05,8716.31,9519.81,Sin incidencia,Conforme
OV-00199,2026-03-07,Frente 02,Excavación roca fija,m3,Pavimentadora,4,427.36,444.38,103.98,9.15,0.46,11966.03,13267.76,Clima,Conforme
OV-00200,2026-03-07,Frente 03,Desbroce y limpieza,m2,Pavimentadora,5,1731.58,1526.74,88.17,10.69,0.89,4848.42,4581.43,Sin incidencia,Observado
OV-00201,2026-03-07,Frente 02,Subbase granular,m3,Cargador frontal,7,525.82,507.21,96.46,7.73,0.0,16826.09,17845.01,Sin incidencia,Conforme
OV-00202,2026-03-08,Frente 02,Subbase granular,m3,Motoniveladora,5,509.39,471.53,92.57,10.64,0.0,16300.32,15702.16,Sin incidencia,Conforme
OV-00203,2026-03-08,Frente 01,Pavimento asfáltico,t,Motoniveladora,4,293.79,272.72,92.83,7.56,0.39,54352.03,50775.37,Clima,Conforme
OV-00204,2026-03-08,Frente 01,Excavación material suelto,m3,Cargador frontal,7,941.67,688.21,73.08,8.87,1.11,8945.89,6843.68,Sin incidencia,Conforme
OV-00205,2026-03-08,Frente 03,Cunetas de concreto,m,Rodillo,6,107.1,85.4,79.74,11.43,0.94,15529.34,13197.99,Falla mecánica,Conforme
OV-00206,2026-03-09,Frente 03,Excavación roca fija,m3,Excavadora,4,400.48,292.74,73.1,10.22,1.34,11213.51,8300.17,Sin incidencia,Conforme
OV-00207,2026-03-09,Frente 01,Cunetas de concreto,m,Motoniveladora,9,114.38,95.32,83.33,8.05,2.45,16585.23,14574.18,Sin incidencia,Conforme
OV-00208,2026-03-10,Frente 01,Excavación roca fija,m3,Excavadora,9,406.44,397.15,97.71,7.07,1.78,11380.43,12103.43,Clima,Conforme
OV-00209,2026-03-10,Frente 03,Desbroce y limpieza,m2,Pavimentadora,5,1709.52,1688.04,98.74,11.78,0.31,4786.67,5120.75,Sin incidencia,Conforme
OV-00210,2026-03-10,Frente 01,Pavimento asfáltico,t,Excavadora,7,312.19,322.37,103.26,10.15,0.91,57755.1,63630.44,Sin incidencia,Conforme
OV-00211,2026-03-10,Frente 01,Cunetas de concreto,m,Rodillo,4,111.65,111.29,99.68,7.88,0.7,16189.0,16358.44,Cambio de frente,Conforme
OV-00212,2026-03-11,Frente 03,Excavación roca fija,m3,Motoniveladora,8,420.94,465.37,110.56,7.59,1.35,11786.2,14240.48,Sin incidencia,Conforme
OV-00213,2026-03-11,Frente 01,Subbase granular,m3,Pavimentadora,9,550.03,438.0,79.63,10.9,1.86,17601.06,15390.7,Sin incidencia,Conforme
OV-00214,2026-03-12,Frente 01,Desbroce y limpieza,m2,Volquete,7,1843.71,1999.01,108.42,10.08,0.91,5162.37,6009.64,Cambio de frente,Conforme
OV-00215,2026-03-12,Frente 01,Subbase granular,m3,Volquete,4,534.94,635.11,118.72,8.28,0.85,17118.22,20370.18,Abastecimiento de material,Conforme
OV-00216,2026-03-12,Frente 03,Base granular,m3,Motoniveladora,9,447.49,454.33,101.53,7.69,0.53,17004.56,17538.87,Sin incidencia,Conforme
OV-00217,2026-03-13,Frente 02,Excavación roca fija,m3,Motoniveladora,6,433.56,399.03,92.03,9.24,0.72,12139.7,11763.55,Sin incidencia,Conforme
OV-00218,2026-03-13,Frente 03,Excavación material suelto,m3,Motoniveladora,8,948.88,830.57,87.53,8.03,0.62,9014.37,8591.16,Falla mecánica,Conforme
OV-00219,2026-03-13,Frente 02,Desbroce y limpieza,m2,Rodillo,4,1776.07,1992.22,112.17,7.51,0.0,4972.99,6042.13,Abastecimiento de material,Conforme
OV-00220,2026-03-14,Frente 01,Subbase granular,m3,Cargador frontal,7,510.85,441.92,86.51,6.5,1.58,16347.25,14602.73,Sin incidencia,Conforme
OV-00221,2026-03-14,Frente 01,Cunetas de concreto,m,Rodillo,4,125.51,135.81,108.21,8.14,0.95,18198.91,19932.85,Clima,Conforme
OV-00222,2026-03-14,Frente 03,Desbroce y limpieza,m2,Rodillo,4,1901.2,1531.86,80.57,9.8,1.2,5323.36,4488.97,Abastecimiento de material,Conforme
OV-00223,2026-03-14,Frente 01,Base granular,m3,Pavimentadora,7,458.54,374.54,81.68,11.57,1.18,17424.37,15653.75,Sin incidencia,Conforme
OV-00224,2026-03-15,Frente 01,Pavimento asfáltico,t,Pavimentadora,6,301.12,240.32,79.81,10.22,2.34,55707.77,47176.02,Sin incidencia,Conforme
OV-00225,2026-03-15,Frente 02,Base granular,m3,Pavimentadora,6,451.51,382.57,84.73,9.58,1.69,17157.2,15867.7,Clima,Conforme
OV-00226,2026-03-16,Frente 03,Excavación material suelto,m3,Volquete,7,971.88,799.92,82.31,9.26,0.77,9232.88,8023.63,Sin incidencia,Conforme
OV-00227,2026-03-16,Frente 02,Base granular,m3,Pavimentadora,4,426.37,352.73,82.73,9.54,1.45,16201.88,13963.45,Sin incidencia,Observado
OV-00228,2026-03-16,Frente 03,Desbroce y limpieza,m2,Pavimentadora,4,1804.56,1980.94,109.77,10.06,0.64,5052.77,6066.81,Sin incidencia,Conforme
OV-00229,2026-03-17,Frente 01,Pavimento asfáltico,t,Rodillo,8,317.91,316.63,99.6,9.88,0.38,58813.79,60448.59,Espera de topografía,Conforme
OV-00230,2026-03-17,Frente 02,Cunetas de concreto,m,Volquete,5,119.64,98.56,82.38,8.72,1.04,17348.18,15546.81,Sin incidencia,Conforme
OV-00231,2026-03-17,Frente 01,Excavación material suelto,m3,Excavadora,8,1052.68,1197.96,113.8,8.6,0.42,10000.49,11771.38,Clima,Conforme
OV-00232,2026-03-17,Frente 01,Excavación roca fija,m3,Pavimentadora,5,374.55,264.82,70.7,9.49,2.44,10487.32,7720.18,Sin incidencia,Conforme
OV-00233,2026-03-18,Frente 03,Cunetas de concreto,m,Motoniveladora,8,116.43,104.15,89.46,10.65,1.56,16881.68,15374.64,Sin incidencia,Conforme
OV-00234,2026-03-18,Frente 01,Excavación roca fija,m3,Motoniveladora,5,421.17,314.18,74.6,9.1,1.39,11792.72,9619.5,Sin incidencia,Conforme
OV-00235,2026-03-18,Frente 01,Base granular,m3,Volquete,8,448.57,440.66,98.24,8.3,0.51,17045.51,17685.56,Cambio de frente,Conforme
OV-00236,2026-03-19,Frente 03,Base granular,m3,Cargador frontal,8,463.39,462.46,99.8,8.84,0.0,17608.63,17870.39,Abastecimiento de material,Conforme
OV-00237,2026-03-19,Frente 01,Subbase granular,m3,Pavimentadora,6,498.49,511.12,102.53,6.66,1.47,15951.7,17775.74,Cambio de frente,Conforme
OV-00238,2026-03-20,Frente 01,Base granular,m3,Excavadora,5,484.36,528.62,109.14,9.21,0.5,18405.55,21283.3,Sin incidencia,Conforme
OV-00239,2026-03-20,Frente 03,Cunetas de concreto,m,Pavimentadora,9,102.16,110.7,108.36,9.42,1.16,14813.32,16199.11,Cambio de frente,Conforme
OV-00240,2026-03-20,Frente 03,Subbase granular,m3,Cargador frontal,9,498.43,436.02,87.48,6.41,1.32,15949.85,15320.78,Sin incidencia,Conforme
OV-00241,2026-03-20,Frente 02,Excavación material suelto,m3,Rodillo,4,885.75,970.39,109.56,9.23,0.96,8414.62,9929.83,Sin incidencia,Conforme
OV-00242,2026-03-21,Frente 01,Desbroce y limpieza,m2,Pavimentadora,6,1818.0,2075.5,114.16,9.81,0.0,5090.4,6097.58,Espera de topografía,Conforme
OV-00243,2026-03-21,Frente 01,Excavación material suelto,m3,Rodillo,8,1012.42,855.56,84.51,8.77,1.98,9617.96,8348.38,Sin incidencia,Conforme
OV-00244,2026-03-21,Frente 01,Cunetas de concreto,m,Motoniveladora,7,114.62,117.18,102.24,8.91,0.12,16619.27,17373.09,Sin incidencia,Conforme
OV-00245,2026-03-22,Frente 03,Excavación material suelto,m3,Cargador frontal,8,914.17,834.93,91.33,9.89,1.42,8684.57,8543.94,Sin incidencia,Conforme
OV-00246,2026-03-22,Frente 03,Desbroce y limpieza,m2,Excavadora,9,1799.57,1253.03,69.63,8.74,1.4,5038.8,3700.84,Cambio de frente,Conforme
OV-00247,2026-03-22,Frente 02,Excavación roca fija,m3,Motoniveladora,7,423.81,412.05,97.22,9.23,1.08,11866.78,12363.89,Sin incidencia,Conforme
OV-00248,2026-03-22,Frente 01,Subbase granular,m3,Pavimentadora,4,548.93,483.55,88.09,10.17,1.05,17565.88,16694.6,Sin incidencia,Conforme
OV-00249,2026-03-23,Frente 02,Desbroce y limpieza,m2,Volquete,8,1706.71,1885.36,110.47,9.73,0.96,4778.78,5283.59,Sin incidencia,Conforme
OV-00250,2026-03-23,Frente 03,Excavación roca fija,m3,Excavadora,9,425.87,334.35,78.51,12.0,2.0,11924.47,9542.41,Sin incidencia,Conforme
OV-00251,2026-03-24,Frente 01,Cunetas de concreto,m,Cargador frontal,6,115.56,113.29,98.04,7.63,0.62,16756.34,17342.81,Sin incidencia,Conforme
OV-00252,2026-03-24,Frente 03,Base granular,m3,Excavadora,9,453.73,390.22,86.0,9.13,1.15,17241.72,14830.1,Abastecimiento de material,Conforme
OV-00253,2026-03-24,Frente 03,Excavación roca fija,m3,Cargador frontal,8,425.36,365.92,86.03,9.76,1.85,11910.02,11087.43,Sin incidencia,Conforme
OV-00254,2026-03-25,Frente 03,Pavimento asfáltico,t,Cargador frontal,7,288.5,268.44,93.04,8.5,1.08,53372.86,53236.88,Cambio de frente,Conforme
OV-00255,2026-03-25,Frente 02,Subbase granular,m3,Volquete,5,519.52,467.5,89.99,8.39,1.24,16624.59,16286.78,Sin incidencia,Conforme
OV-00256,2026-03-26,Frente 01,Excavación roca fija,m3,Rodillo,5,470.4,471.06,100.14,7.03,0.79,13171.2,13668.45,Cambio de frente,Conforme
OV-00257,2026-03-26,Frente 03,Subbase granular,m3,Motoniveladora,7,529.23,529.77,100.1,10.88,0.26,16935.46,17699.03,Falla mecánica,Conforme
OV-00258,2026-03-27,Frente 01,Cunetas de concreto,m,Cargador frontal,8,120.43,128.53,106.73,10.0,0.0,17462.31,20135.77,Clima,Conforme
OV-00259,2026-03-27,Frente 03,Subbase granular,m3,Motoniveladora,4,533.79,580.07,108.67,9.74,0.64,17081.29,19049.5,Sin incidencia,Conforme
OV-00260,2026-03-28,Frente 01,Excavación roca fija,m3,Volquete,8,410.97,405.68,98.71,8.87,0.9,11507.22,11676.12,Sin incidencia,Conforme
OV-00261,2026-03-28,Frente 01,Excavación material suelto,m3,Excavadora,4,836.0,789.66,94.46,9.13,0.84,7942.0,7687.06,Sin incidencia,Conforme
OV-00262,2026-03-28,Frente 03,Subbase granular,m3,Rodillo,9,547.01,455.1,83.2,10.47,1.58,17504.43,14682.27,Sin incidencia,Conforme
OV-00263,2026-03-28,Frente 03,Cunetas de concreto,m,Volquete,6,114.25,101.7,89.02,7.13,1.57,16566.02,15377.37,Sin incidencia,Conforme
OV-00264,2026-03-29,Frente 02,Subbase granular,m3,Volquete,5,508.44,382.7,75.27,7.95,0.56,16270.13,12761.17,Sin incidencia,Conforme
OV-00265,2026-03-29,Frente 03,Cunetas de concreto,m,Volquete,9,114.21,73.94,64.74,7.34,1.77,16560.82,11493.91,Sin incidencia,Conforme
OV-00266,2026-03-29,Frente 01,Pavimento asfáltico,t,Pavimentadora,5,308.89,250.05,80.95,7.66,0.6,57145.21,48889.44,Cambio de frente,Observado
OV-00267,2026-03-29,Frente 01,Excavación material suelto,m3,Excavadora,5,886.35,804.63,90.78,10.76,0.93,8420.28,8171.13,Sin incidencia,Conforme
OV-00268,2026-03-30,Frente 03,Excavación material suelto,m3,Volquete,6,904.5,682.22,75.42,10.78,0.74,8592.8,7037.84,Sin incidencia,Conforme
OV-00269,2026-03-30,Frente 01,Cunetas de concreto,m,Pavimentadora,8,111.83,104.21,93.18,9.41,1.84,16215.52,15920.62,Sin incidencia,Conforme
OV-00270,2026-03-30,Frente 02,Base granular,m3,Rodillo,8,444.08,463.67,104.41,9.74,0.48,16875.17,18182.82,Sin incidencia,Conforme
OV-00271,2026-03-30,Frente 03,Desbroce y limpieza,m2,Cargador frontal,7,1892.61,1474.76,77.92,11.9,1.55,5299.32,4197.45,Sin incidencia,Conforme
OV-00272,2026-03-31,Frente 01,Subbase granular,m3,Motoniveladora,6,516.44,401.51,77.75,6.38,1.02,16526.06,14038.88,Falla mecánica,Conforme
OV-00273,2026-03-31,Frente 01,Pavimento asfáltico,t,Volquete,6,301.91,263.99,87.44,7.71,1.01,55853.83,51828.74,Sin incidencia,Conforme
OV-00274,2026-04-01,Frente 01,Desbroce y limpieza,m2,Motoniveladora,6,1892.37,1785.27,94.34,9.48,0.58,5298.65,5392.85,Cambio de frente,Conforme
OV-00275,2026-04-01,Frente 02,Excavación material suelto,m3,Cargador frontal,6,936.9,944.16,100.78,10.26,1.16,8900.57,9555.5,Clima,Conforme
OV-00276,2026-04-01,Frente 02,Excavación roca fija,m3,Excavadora,9,369.6,375.06,101.48,10.7,0.76,10348.8,10798.19,Sin incidencia,Conforme
OV-00277,2026-04-01,Frente 03,Pavimento asfáltico,t,Motoniveladora,8,300.72,280.21,93.18,8.43,0.42,55632.67,54044.14,Sin incidencia,Conforme
OV-00278,2026-04-02,Frente 01,Desbroce y limpieza,m2,Pavimentadora,5,1946.49,2064.64,106.07,9.8,0.37,5450.16,5908.98,Abastecimiento de material,Conforme
OV-00279,2026-04-02,Frente 01,Pavimento asfáltico,t,Volquete,9,289.4,241.12,83.32,10.17,1.41,53539.5,48625.31,Sin incidencia,Conforme
OV-00280,2026-04-03,Frente 03,Pavimento asfáltico,t,Excavadora,6,305.71,332.57,108.79,9.42,1.07,56556.61,61623.47,Abastecimiento de material,Conforme
OV-00281,2026-04-03,Frente 03,Cunetas de concreto,m,Motoniveladora,6,111.48,79.08,70.93,10.6,0.98,16165.24,12419.37,Sin incidencia,Conforme
OV-00282,2026-04-03,Frente 02,Subbase granular,m3,Cargador frontal,8,512.5,398.36,77.73,9.86,1.26,16399.94,13850.52,Sin incidencia,Conforme
OV-00283,2026-04-04,Frente 01,Pavimento asfáltico,t,Motoniveladora,6,309.92,265.81,85.77,8.93,1.4,57336.04,52419.58,Abastecimiento de material,Conforme
OV-00284,2026-04-04,Frente 03,Subbase granular,m3,Pavimentadora,6,516.44,586.76,113.62,10.02,1.15,16526.12,19909.53,Sin incidencia,Conforme
OV-00285,2026-04-04,Frente 03,Cunetas de concreto,m,Volquete,8,123.42,89.66,72.65,8.49,1.03,17896.02,13380.03,Clima,Conforme
OV-00286,2026-04-04,Frente 01,Excavación roca fija,m3,Motoniveladora,5,451.49,390.42,86.47,6.73,2.12,12641.81,11370.44,Sin incidencia,Conforme
OV-00287,2026-04-05,Frente 03,Cunetas de concreto,m,Excavadora,8,111.85,105.54,94.36,8.67,0.76,16218.04,16064.88,Sin incidencia,Observado
OV-00288,2026-04-05,Frente 03,Excavación material suelto,m3,Rodillo,7,968.84,834.66,86.15,8.15,1.79,9203.98,8547.07,Sin incidencia,Conforme
OV-00289,2026-04-06,Frente 01,Excavación material suelto,m3,Pavimentadora,7,942.6,1011.59,107.32,8.26,1.05,8954.73,10446.18,Sin incidencia,Observado
OV-00290,2026-04-06,Frente 03,Desbroce y limpieza,m2,Cargador frontal,5,1832.42,1487.38,81.17,10.0,2.21,5130.76,4262.93,Sin incidencia,Conforme
OV-00291,2026-04-06,Frente 02,Base granular,m3,Motoniveladora,4,487.16,487.35,100.04,7.2,1.6,18512.22,20008.13,Sin incidencia,Conforme
OV-00292,2026-04-07,Frente 01,Subbase granular,m3,Volquete,9,509.35,400.26,78.58,10.16,2.27,16299.08,13150.28,Sin incidencia,Observado
OV-00293,2026-04-07,Frente 01,Pavimento asfáltico,t,Excavadora,4,332.44,316.04,95.07,9.26,0.07,61502.09,63028.51,Sin incidencia,Conforme
OV-00294,2026-04-07,Frente 02,Desbroce y limpieza,m2,Pavimentadora,8,1705.02,1354.68,79.45,10.95,1.83,4774.05,3852.95,Abastecimiento de material,Conforme
OV-00295,2026-04-08,Frente 02,Cunetas de concreto,m,Volquete,5,111.33,105.27,94.56,10.44,0.47,16142.28,16482.55,Sin incidencia,Conforme
OV-00296,2026-04-08,Frente 01,Pavimento asfáltico,t,Pavimentadora,5,310.84,265.67,85.47,5.21,0.84,57506.15,51344.35,Sin incidencia,Conforme
OV-00297,2026-04-08,Frente 02,Base granular,m3,Pavimentadora,7,430.25,288.26,67.0,6.63,1.25,16349.67,11365.9,Sin incidencia,Conforme
OV-00298,2026-04-08,Frente 03,Excavación roca fija,m3,Volquete,8,428.63,486.33,113.46,9.13,0.97,12001.5,14857.58,Abastecimiento de material,Conforme
OV-00299,2026-04-09,Frente 03,Excavación material suelto,m3,Excavadora,8,962.7,1121.95,116.54,9.62,0.38,9145.65,11348.52,Sin incidencia,Conforme
OV-00300,2026-04-09,Frente 03,Cunetas de concreto,m,Volquete,4,119.15,116.3,97.6,10.32,0.0,17277.45,17554.91,Sin incidencia,Observado
OV-00301,2026-04-09,Frente 03,Excavación roca fija,m3,Cargador frontal,8,470.4,368.35,78.3,9.93,1.93,13171.2,10662.18,Sin incidencia,Conforme
OV-00302,2026-04-09,Frente 02,Base granular,m3,Cargador frontal,8,488.32,426.54,87.35,8.77,1.72,18556.19,16891.09,Sin incidencia,Conforme
OV-00303,2026-04-10,Frente 03,Subbase granular,m3,Motoniveladora,5,492.33,546.44,110.99,8.84,0.86,15754.53,18049.15,Sin incidencia,Conforme
OV-00304,2026-04-10,Frente 01,Base granular,m3,Pavimentadora,9,468.4,504.41,107.69,9.63,1.12,17799.11,20520.85,Sin incidencia,Conforme
OV-00305,2026-04-10,Frente 03,Desbroce y limpieza,m2,Volquete,7,1856.63,1686.89,90.86,8.87,0.39,5198.58,5185.46,Cambio de frente,Conforme
OV-00306,2026-04-11,Frente 02,Base granular,m3,Rodillo,6,459.6,551.51,120.0,8.54,0.77,17464.64,22968.34,Sin incidencia,Conforme
OV-00307,2026-04-11,Frente 02,Cunetas de concreto,m,Excavadora,9,115.35,126.04,109.27,7.43,0.42,16725.48,18765.55,Sin incidencia,Conforme
OV-00308,2026-04-12,Frente 02,Desbroce y limpieza,m2,Volquete,5,1953.59,1784.01,91.32,9.52,0.8,5470.04,5187.19,Clima,Conforme
OV-00309,2026-04-12,Frente 03,Pavimento asfáltico,t,Cargador frontal,5,298.21,236.23,79.22,9.91,1.76,55168.42,44228.05,Sin incidencia,Conforme
OV-00310,2026-04-13,Frente 02,Cunetas de concreto,m,Volquete,5,113.98,92.61,81.25,11.05,1.02,16527.33,13544.25,Sin incidencia,Conforme
OV-00311,2026-04-13,Frente 01,Base granular,m3,Pavimentadora,5,493.02,331.24,67.19,9.53,1.36,18734.7,13368.73,Sin incidencia,Conforme
OV-00312,2026-04-13,Frente 01,Excavación material suelto,m3,Cargador frontal,6,993.21,496.61,50.0,9.41,1.46,9435.52,4964.09,Sin incidencia,Conforme
OV-00313,2026-04-14,Frente 03,Subbase granular,m3,Excavadora,9,485.9,398.71,82.06,9.01,1.78,15548.82,12972.48,Falla mecánica,Conforme
OV-00314,2026-04-14,Frente 03,Excavación material suelto,m3,Cargador frontal,6,903.79,910.78,100.77,8.04,1.53,8585.97,9272.42,Sin incidencia,Conforme
OV-00315,2026-04-14,Frente 03,Desbroce y limpieza,m2,Cargador frontal,4,1884.25,1641.67,87.13,9.41,1.52,5275.9,4709.73,Abastecimiento de material,Conforme
OV-00316,2026-04-15,Frente 02,Pavimento asfáltico,t,Volquete,5,297.11,255.43,85.97,9.31,1.58,54964.47,47360.21,Sin incidencia,Conforme
OV-00317,2026-04-15,Frente 01,Excavación roca fija,m3,Rodillo,7,369.6,275.19,74.46,9.12,1.75,10348.8,7936.41,Sin incidencia,Conforme
OV-00318,2026-04-15,Frente 01,Base granular,m3,Pavimentadora,6,440.67,435.81,98.9,9.39,0.85,16745.39,17880.27,Falla mecánica,Conforme
OV-00319,2026-04-16,Frente 01,Cunetas de concreto,m,Rodillo,5,128.8,143.95,111.77,11.39,1.21,18676.0,22044.48,Sin incidencia,Conforme
OV-00320,2026-04-16,Frente 03,Base granular,m3,Pavimentadora,9,460.06,436.57,94.89,9.43,0.8,17482.35,16607.19,Sin incidencia,Conforme
OV-00321,2026-04-17,Frente 02,Excavación material suelto,m3,Pavimentadora,8,940.49,707.24,75.2,9.26,2.13,8934.64,6814.55,Falla mecánica,Conforme
OV-00322,2026-04-17,Frente 03,Subbase granular,m3,Volquete,8,513.36,427.12,83.2,10.78,2.57,16427.52,14464.21,Abastecimiento de material,Conforme
OV-00323,2026-04-17,Frente 01,Excavación roca fija,m3,Rodillo,6,434.98,319.71,73.5,8.32,1.48,12179.39,9712.05,Espera de topografía,Conforme
OV-00324,2026-04-18,Frente 01,Excavación roca fija,m3,Motoniveladora,6,423.73,399.15,94.2,7.89,1.11,11864.31,12236.69,Sin incidencia,Observado
OV-00325,2026-04-18,Frente 02,Desbroce y limpieza,m2,Excavadora,8,1822.4,1559.82,85.59,10.93,0.64,5102.73,4701.29,Sin incidencia,Conforme
OV-00326,2026-04-18,Frente 02,Pavimento asfáltico,t,Pavimentadora,5,328.07,291.7,88.92,9.67,0.57,60692.29,54782.3,Falla mecánica,Conforme
OV-00327,2026-04-19,Frente 01,Excavación material suelto,m3,Motoniveladora,9,958.69,865.83,90.31,9.77,0.51,9107.54,8868.43,Sin incidencia,Conforme
OV-00328,2026-04-19,Frente 02,Excavación roca fija,m3,Motoniveladora,4,430.69,349.42,81.13,8.55,1.93,12059.18,10016.63,Sin incidencia,Conforme
OV-00329,2026-04-19,Frente 02,Desbroce y limpieza,m2,Motoniveladora,7,1836.23,1431.33,77.95,8.6,0.67,5141.44,4296.9,Sin incidencia,Conforme
OV-00330,2026-04-20,Frente 03,Excavación roca fija,m3,Cargador frontal,7,408.12,398.61,97.67,6.7,0.4,11427.31,11197.03,Sin incidencia,Conforme
OV-00331,2026-04-20,Frente 02,Desbroce y limpieza,m2,Rodillo,5,1786.51,1558.5,87.24,9.64,1.72,5002.21,4743.13,Cambio de frente,Conforme
OV-00332,2026-04-20,Frente 03,Base granular,m3,Cargador frontal,4,450.77,309.63,68.69,9.35,1.62,17129.37,11807.82,Sin incidencia,Conforme
OV-00333,2026-04-21,Frente 03,Base granular,m3,Motoniveladora,5,460.18,414.78,90.13,9.14,0.84,17486.75,17248.02,Abastecimiento de material,Conforme
OV-00334,2026-04-21,Frente 01,Cunetas de concreto,m,Pavimentadora,9,104.94,94.28,89.84,8.94,1.31,15217.02,14930.52,Sin incidencia,Conforme
OV-00335,2026-04-21,Frente 03,Excavación material suelto,m3,Cargador frontal,5,973.85,864.75,88.8,7.63,2.01,9251.58,8339.11,Sin incidencia,Conforme
OV-00336,2026-04-21,Frente 02,Desbroce y limpieza,m2,Pavimentadora,9,1808.33,1650.47,91.27,9.49,1.68,5063.32,5048.49,Sin incidencia,Conforme
OV-00337,2026-04-22,Frente 03,Cunetas de concreto,m,Pavimentadora,4,114.0,89.68,78.67,10.51,0.62,16529.91,13925.73,Cambio de frente,Conforme
OV-00338,2026-04-22,Frente 01,Excavación roca fija,m3,Rodillo,6,395.41,385.18,97.41,9.25,0.72,11071.54,11419.36,Espera de topografía,Conforme
OV-00339,2026-04-22,Frente 01,Excavación material suelto,m3,Excavadora,9,937.24,1045.83,111.59,6.83,0.79,8903.74,10846.2,Sin incidencia,Conforme
OV-00340,2026-04-22,Frente 01,Pavimento asfáltico,t,Cargador frontal,6,344.95,300.79,87.2,12.0,1.55,63816.36,57638.35,Abastecimiento de material,Conforme
OV-00341,2026-04-23,Frente 01,Cunetas de concreto,m,Rodillo,7,106.51,74.26,69.73,9.25,1.97,15443.27,11560.61,Sin incidencia,Conforme
OV-00342,2026-04-23,Frente 01,Pavimento asfáltico,t,Motoniveladora,9,332.11,325.73,98.08,9.13,0.59,61440.05,61875.54,Sin incidencia,Conforme
OV-00343,2026-04-23,Frente 02,Desbroce y limpieza,m2,Excavadora,5,1749.84,1412.95,80.75,9.69,1.83,4899.55,4253.69,Sin incidencia,Conforme
OV-00344,2026-04-24,Frente 03,Desbroce y limpieza,m2,Excavadora,5,1890.21,1678.78,88.81,9.2,1.06,5292.58,5073.66,Abastecimiento de material,Conforme
OV-00345,2026-04-24,Frente 01,Excavación material suelto,m3,Excavadora,5,999.72,920.65,92.09,10.64,0.07,9497.38,9092.7,Falla mecánica,Conforme
OV-00346,2026-04-24,Frente 03,Cunetas de concreto,m,Pavimentadora,5,121.33,98.9,81.51,9.04,1.68,17592.52,15698.6,Abastecimiento de material,Conforme
OV-00347,2026-04-24,Frente 02,Pavimento asfáltico,t,Motoniveladora,6,284.24,275.04,96.76,7.96,0.31,52585.18,53770.18,Cambio de frente,Conforme
OV-00348,2026-04-25,Frente 03,Desbroce y limpieza,m2,Cargador frontal,5,1865.21,1310.43,70.26,7.08,1.37,5222.59,3913.37,Clima,Conforme
OV-00349,2026-04-25,Frente 03,Excavación roca fija,m3,Rodillo,5,383.0,441.84,115.36,9.2,0.0,10724.11,13442.37,Sin incidencia,Conforme
OV-00350,2026-04-26,Frente 03,Desbroce y limpieza,m2,Volquete,5,1814.02,1072.24,59.11,8.72,1.66,5079.26,3006.58,Sin incidencia,Conforme
OV-00351,2026-04-26,Frente 03,Excavación roca fija,m3,Motoniveladora,6,380.61,319.61,83.97,10.73,1.17,10657.12,9433.53,Espera de topografía,Conforme
OV-00352,2026-04-27,Frente 01,Excavación material suelto,m3,Cargador frontal,4,975.57,1127.87,115.61,9.96,0.72,9267.94,11072.34,Cambio de frente,Conforme
OV-00353,2026-04-27,Frente 02,Pavimento asfáltico,t,Cargador frontal,4,340.19,282.55,83.06,8.31,1.63,62936.03,53296.02,Sin incidencia,Conforme
OV-00354,2026-04-27,Frente 03,Cunetas de concreto,m,Volquete,7,120.11,109.44,91.12,8.76,0.86,17415.34,16224.94,Sin incidencia,Conforme
OV-00355,2026-04-27,Frente 02,Excavación roca fija,m3,Motoniveladora,6,395.1,241.86,61.21,7.28,0.62,11062.7,7448.53,Clima,Conforme
OV-00356,2026-04-28,Frente 03,Excavación roca fija,m3,Motoniveladora,6,435.24,426.8,98.06,11.67,1.13,12186.79,12824.26,Sin incidencia,Conforme
OV-00357,2026-04-28,Frente 02,Pavimento asfáltico,t,Rodillo,9,321.96,312.07,96.93,9.21,1.05,59562.82,59580.01,Sin incidencia,Conforme
OV-00358,2026-04-28,Frente 02,Base granular,m3,Excavadora,8,495.92,360.43,72.68,9.02,1.81,18845.06,14407.48,Abastecimiento de material,Conforme
OV-00359,2026-04-29,Frente 01,Desbroce y limpieza,m2,Volquete,4,1777.62,2035.96,114.53,9.85,0.21,4977.34,6177.4,Sin incidencia,Conforme
OV-00360,2026-04-29,Frente 03,Base granular,m3,Cargador frontal,5,474.96,453.94,95.57,8.85,0.15,18048.6,18614.89,Abastecimiento de material,Conforme
OV-00361,2026-04-29,Frente 01,Excavación material suelto,m3,Motoniveladora,8,922.05,858.54,93.11,9.95,1.16,8759.48,8399.78,Sin incidencia,Conforme
OV-00362,2026-04-29,Frente 02,Pavimento asfáltico,t,Cargador frontal,9,276.31,221.47,80.15,11.63,1.89,51116.99,44044.88,Cambio de frente,Conforme
OV-00363,2026-04-30,Frente 03,Excavación material suelto,m3,Pavimentadora,6,974.86,987.31,101.28,10.87,0.34,9261.2,10005.27,Falla mecánica,Observado
OV-00364,2026-04-30,Frente 02,Cunetas de concreto,m,Volquete,7,113.81,93.2,81.89,11.0,1.05,16502.29,14615.15,Sin incidencia,Conforme
OV-00365,2026-05-01,Frente 01,Excavación material suelto,m3,Excavadora,5,933.31,923.9,98.99,10.02,0.39,8866.43,9036.48,Sin incidencia,Conforme
OV-00366,2026-05-01,Frente 02,Base granular,m3,Motoniveladora,5,438.5,421.04,96.02,10.14,0.4,16663.06,16715.64,Sin incidencia,Conforme
OV-00367,2026-05-01,Frente 03,Excavación roca fija,m3,Excavadora,9,419.9,444.32,105.82,9.62,0.78,11757.21,12672.84,Sin incidencia,Conforme
OV-00368,2026-05-01,Frente 01,Subbase granular,m3,Cargador frontal,8,552.73,397.33,71.88,9.93,1.5,17687.48,13879.22,Sin incidencia,Conforme
OV-00369,2026-05-02,Frente 02,Subbase granular,m3,Volquete,6,524.1,556.14,106.11,7.49,0.7,16771.36,17980.71,Sin incidencia,Conforme
OV-00370,2026-05-02,Frente 01,Excavación roca fija,m3,Excavadora,6,415.32,433.76,104.44,6.25,0.0,11628.83,13259.51,Falla mecánica,Conforme
OV-00371,2026-05-03,Frente 03,Cunetas de concreto,m,Pavimentadora,8,120.69,102.62,85.03,7.18,1.87,17499.87,16188.48,Sin incidencia,Conforme
OV-00372,2026-05-03,Frente 02,Excavación roca fija,m3,Motoniveladora,9,392.79,330.76,84.21,8.97,1.13,10998.14,10087.84,Sin incidencia,Conforme
OV-00373,2026-05-03,Frente 03,Excavación material suelto,m3,Rodillo,5,995.89,1018.2,102.24,9.83,1.18,9460.98,10326.73,Sin incidencia,Conforme
OV-00374,2026-05-03,Frente 01,Base granular,m3,Cargador frontal,9,486.9,443.92,91.17,9.61,1.7,18502.09,18276.17,Cambio de frente,Conforme
OV-00375,2026-05-04,Frente 02,Cunetas de concreto,m,Volquete,8,108.11,73.95,68.4,7.39,1.05,15676.34,10980.63,Falla mecánica,Conforme
OV-00376,2026-05-04,Frente 01,Base granular,m3,Motoniveladora,6,445.49,470.31,105.57,7.21,0.99,16928.53,18037.65,Clima,Conforme
OV-00377,2026-05-04,Frente 03,Excavación roca fija,m3,Cargador frontal,8,419.05,336.51,80.3,10.44,1.17,11733.34,9825.82,Sin incidencia,Conforme
OV-00378,2026-05-05,Frente 02,Base granular,m3,Excavadora,5,507.21,387.66,76.43,7.5,0.61,19273.85,16038.49,Sin incidencia,Conforme
OV-00379,2026-05-05,Frente 02,Desbroce y limpieza,m2,Motoniveladora,8,1718.58,1617.26,94.1,7.1,0.54,4812.02,4882.11,Sin incidencia,Conforme
OV-00380,2026-05-05,Frente 02,Subbase granular,m3,Volquete,4,537.83,495.06,92.05,9.8,0.59,17210.57,16246.09,Sin incidencia,Conforme
OV-00381,2026-05-06,Frente 02,Desbroce y limpieza,m2,Excavadora,4,1752.06,1693.85,96.68,9.64,1.04,4905.77,5139.1,Sin incidencia,Conforme
OV-00382,2026-05-06,Frente 02,Pavimento asfáltico,t,Motoniveladora,6,307.15,290.63,94.62,11.26,0.83,56823.3,56490.82,Sin incidencia,Conforme
OV-00383,2026-05-06,Frente 02,Cunetas de concreto,m,Cargador frontal,8,122.11,143.78,117.75,8.29,1.36,17706.0,21635.74,Espera de topografía,Conforme
OV-00384,2026-05-06,Frente 01,Subbase granular,m3,Excavadora,8,548.23,636.75,116.15,10.05,0.07,17543.38,21272.06,Clima,Conforme
OV-00385,2026-05-07,Frente 02,Pavimento asfáltico,t,Motoniveladora,9,313.26,271.22,86.58,7.02,1.46,57953.25,53734.71,Cambio de frente,Conforme
OV-00386,2026-05-07,Frente 02,Desbroce y limpieza,m2,Volquete,4,1890.51,1808.84,95.68,8.0,1.55,5293.43,5465.78,Sin incidencia,Conforme
OV-00387,2026-05-08,Frente 01,Base granular,m3,Volquete,7,488.46,398.43,81.57,8.58,0.34,18561.38,16286.28,Sin incidencia,Conforme
OV-00388,2026-05-08,Frente 01,Desbroce y limpieza,m2,Motoniveladora,4,1837.85,1614.19,87.83,8.42,2.0,5145.98,4844.89,Sin incidencia,Conforme
OV-00389,2026-05-09,Frente 02,Base granular,m3,Excavadora,6,445.56,383.36,86.04,10.29,0.78,16931.42,14666.77,Clima,Conforme
OV-00390,2026-05-09,Frente 02,Subbase granular,m3,Motoniveladora,7,466.88,414.75,88.83,7.01,1.18,14940.14,13535.9,Abastecimiento de material,Conforme
OV-00391,2026-05-09,Frente 02,Pavimento asfáltico,t,Excavadora,6,294.64,260.52,88.42,9.72,1.65,54508.65,49332.07,Sin incidencia,Conforme
OV-00392,2026-05-10,Frente 03,Cunetas de concreto,m,Volquete,7,114.8,120.57,105.02,8.93,0.62,16646.35,19105.38,Sin incidencia,Conforme
OV-00393,2026-05-10,Frente 03,Pavimento asfáltico,t,Motoniveladora,8,294.38,273.83,93.02,9.48,0.0,54459.59,55298.63,Sin incidencia,Conforme
OV-00394,2026-05-10,Frente 02,Desbroce y limpieza,m2,Volquete,5,1664.79,1679.79,100.9,11.56,0.98,4661.41,5026.99,Sin incidencia,Conforme
OV-00395,2026-05-10,Frente 03,Base granular,m3,Cargador frontal,7,473.36,431.09,91.07,10.23,0.11,17987.52,17505.08,Clima,Conforme
OV-00396,2026-05-11,Frente 02,Base granular,m3,Motoniveladora,7,427.93,315.51,73.73,9.77,2.19,16261.32,12107.72,Sin incidencia,Conforme
OV-00397,2026-05-11,Frente 02,Desbroce y limpieza,m2,Rodillo,7,1762.73,1836.65,104.19,10.33,1.0,4935.65,5390.12,Abastecimiento de material,Conforme
OV-00398,2026-05-11,Frente 03,Subbase granular,m3,Volquete,6,460.59,320.77,69.64,10.56,1.1,14739.01,11149.59,Sin incidencia,Conforme
OV-00399,2026-05-11,Frente 01,Excavación material suelto,m3,Pavimentadora,5,1009.5,930.06,92.13,10.64,0.23,9590.24,9554.15,Sin incidencia,Conforme
OV-00400,2026-05-12,Frente 02,Pavimento asfáltico,t,Pavimentadora,5,336.01,334.82,99.65,9.45,1.01,62161.96,67541.05,Espera de topografía,Observado
OV-00401,2026-05-12,Frente 01,Base granular,m3,Cargador frontal,8,450.24,368.56,81.86,7.7,1.85,17109.03,14427.6,Sin incidencia,Conforme
OV-00402,2026-05-12,Frente 03,Desbroce y limpieza,m2,Volquete,5,1783.75,1604.14,89.93,8.84,1.98,4994.51,4785.81,Cambio de frente,Conforme
OV-00403,2026-05-13,Frente 02,Excavación material suelto,m3,Rodillo,8,898.29,707.56,78.77,8.5,1.63,8533.78,7064.61,Espera de topografía,Conforme
OV-00404,2026-05-13,Frente 03,Cunetas de concreto,m,Motoniveladora,5,113.79,77.73,68.31,10.93,1.14,16500.01,11671.42,Sin incidencia,Conforme
OV-00405,2026-05-13,Frente 02,Desbroce y limpieza,m2,Rodillo,7,1751.21,1273.0,72.69,10.91,1.87,4903.4,3585.44,Sin incidencia,Conforme
OV-00406,2026-05-14,Frente 02,Excavación roca fija,m3,Volquete,8,369.6,295.74,80.02,8.96,1.78,10348.8,8998.81,Falla mecánica,Conforme
OV-00407,2026-05-14,Frente 02,Subbase granular,m3,Rodillo,4,546.42,591.9,108.32,9.34,1.75,17485.51,20424.37,Sin incidencia,Conforme
OV-00408,2026-05-14,Frente 01,Excavación material suelto,m3,Pavimentadora,5,1002.03,806.06,80.44,8.75,1.68,9519.27,8317.78,Abastecimiento de material,Conforme
OV-00409,2026-05-15,Frente 01,Cunetas de concreto,m,Rodillo,8,108.32,101.13,93.36,10.34,0.85,15706.32,15561.29,Espera de topografía,Conforme
OV-00410,2026-05-15,Frente 02,Pavimento asfáltico,t,Pavimentadora,4,347.2,291.3,83.9,9.98,1.38,64232.0,55482.98,Sin incidencia,Conforme
OV-00411,2026-05-15,Frente 02,Base granular,m3,Pavimentadora,7,466.38,349.55,74.95,9.99,1.02,17722.35,13598.74,Sin incidencia,Conforme
OV-00412,2026-05-16,Frente 02,Desbroce y limpieza,m2,Volquete,7,1847.34,1825.46,98.82,9.16,0.0,5172.55,5245.38,Sin incidencia,Observado
OV-00413,2026-05-16,Frente 01,Pavimento asfáltico,t,Excavadora,7,320.34,256.79,80.16,9.46,1.3,59263.78,48495.09,Sin incidencia,Conforme
OV-00414,2026-05-16,Frente 02,Excavación roca fija,m3,Cargador frontal,6,437.73,393.56,89.91,8.77,1.85,12256.32,11338.13,Sin incidencia,Conforme
OV-00415,2026-05-17,Frente 02,Pavimento asfáltico,t,Motoniveladora,6,320.77,345.42,107.69,5.85,0.45,59341.8,65656.58,Sin incidencia,Conforme
OV-00416,2026-05-17,Frente 01,Base granular,m3,Excavadora,9,456.28,309.38,67.81,10.75,1.94,17338.57,12481.13,Falla mecánica,Conforme
OV-00417,2026-05-17,Frente 03,Cunetas de concreto,m,Excavadora,8,107.52,74.61,69.39,11.13,1.18,15590.97,11141.63,Sin incidencia,Conforme
OV-00418,2026-05-18,Frente 03,Base granular,m3,Motoniveladora,6,499.07,555.48,111.3,10.05,0.95,18964.67,22172.42,Abastecimiento de material,Conforme
OV-00419,2026-05-18,Frente 02,Pavimento asfáltico,t,Excavadora,7,326.3,286.58,87.83,8.68,2.09,60365.37,55312.55,Abastecimiento de material,Conforme
OV-00420,2026-05-18,Frente 03,Subbase granular,m3,Pavimentadora,7,484.74,396.56,81.81,10.1,1.95,15511.71,13573.73,Sin incidencia,Conforme
OV-00421,2026-05-18,Frente 03,Excavación material suelto,m3,Volquete,6,961.03,1138.61,118.48,8.53,0.69,9129.82,10914.21,Sin incidencia,Conforme
OV-00422,2026-05-19,Frente 01,Excavación material suelto,m3,Rodillo,4,922.96,952.2,103.17,10.13,0.76,8768.13,9699.18,Sin incidencia,Conforme
OV-00423,2026-05-19,Frente 01,Cunetas de concreto,m,Motoniveladora,5,116.39,110.77,95.17,9.7,0.75,16876.78,17588.16,Cambio de frente,Conforme
OV-00424,2026-05-19,Frente 01,Subbase granular,m3,Motoniveladora,8,479.27,413.41,86.26,9.13,1.02,15336.64,13292.1,Sin incidencia,Conforme
OV-00425,2026-05-19,Frente 02,Desbroce y limpieza,m2,Rodillo,6,1858.77,1624.05,87.37,8.45,1.41,5204.56,4572.62,Sin incidencia,Conforme
OV-00426,2026-05-20,Frente 01,Base granular,m3,Rodillo,6,448.49,496.92,110.8,9.95,1.0,17042.49,19280.77,Falla mecánica,Conforme
OV-00427,2026-05-20,Frente 01,Subbase granular,m3,Rodillo,4,502.74,395.04,78.58,10.75,2.26,16087.71,12759.3,Cambio de frente,Conforme
OV-00428,2026-05-21,Frente 03,Excavación material suelto,m3,Pavimentadora,8,1037.29,935.2,90.16,9.94,1.01,9854.29,9569.51,Cambio de frente,Conforme
OV-00429,2026-05-21,Frente 02,Desbroce y limpieza,m2,Motoniveladora,9,1898.16,1650.88,86.97,9.12,0.93,5314.84,5053.27,Abastecimiento de material,Observado
OV-00430,2026-05-22,Frente 01,Excavación material suelto,m3,Pavimentadora,9,950.78,867.72,91.26,8.16,1.64,9032.42,8548.07,Sin incidencia,Conforme
OV-00431,2026-05-22,Frente 01,Cunetas de concreto,m,Cargador frontal,7,113.25,107.42,94.85,9.76,0.68,16421.76,15970.53,Cambio de frente,Conforme
OV-00432,2026-05-22,Frente 03,Pavimento asfáltico,t,Excavadora,8,334.95,372.34,111.16,11.4,0.02,61965.59,72892.35,Sin incidencia,Conforme
OV-00433,2026-05-23,Frente 03,Pavimento asfáltico,t,Pavimentadora,4,319.54,272.78,85.37,7.83,0.75,59114.58,51506.26,Sin incidencia,Conforme
OV-00434,2026-05-23,Frente 02,Desbroce y limpieza,m2,Excavadora,6,1847.66,1775.23,96.08,8.92,0.94,5173.44,4976.74,Sin incidencia,Observado
OV-00435,2026-05-23,Frente 02,Subbase granular,m3,Rodillo,8,491.23,430.18,87.57,8.28,1.46,15719.32,14063.64,Sin incidencia,Observado
OV-00436,2026-05-24,Frente 01,Excavación roca fija,m3,Cargador frontal,4,386.02,346.8,89.84,8.22,1.84,10808.57,10319.18,Sin incidencia,Conforme
OV-00437,2026-05-24,Frente 01,Pavimento asfáltico,t,Excavadora,4,313.63,207.14,66.05,9.21,2.11,58021.48,38541.75,Sin incidencia,Conforme
OV-00438,2026-05-25,Frente 03,Excavación material suelto,m3,Pavimentadora,9,953.62,890.82,93.41,8.25,1.62,9059.39,9125.82,Sin incidencia,Conforme
OV-00439,2026-05-25,Frente 01,Subbase granular,m3,Excavadora,6,504.87,431.23,85.41,8.31,1.31,16155.83,14780.02,Cambio de frente,Conforme
OV-00440,2026-05-26,Frente 03,Desbroce y limpieza,m2,Excavadora,8,1779.56,1089.09,61.2,9.71,0.67,4982.78,3205.65,Falla mecánica,Conforme
OV-00441,2026-05-26,Frente 01,Excavación material suelto,m3,Excavadora,8,956.66,755.55,78.98,8.44,1.71,9088.29,7210.91,Espera de topografía,Conforme
OV-00442,2026-05-26,Frente 01,Cunetas de concreto,m,Volquete,7,113.63,86.23,75.89,10.59,1.21,16476.38,13038.24,Sin incidencia,Conforme
OV-00443,2026-05-26,Frente 03,Subbase granular,m3,Rodillo,6,495.56,507.19,102.35,9.74,0.19,15857.98,17107.87,Sin incidencia,Conforme
OV-00444,2026-05-27,Frente 03,Desbroce y limpieza,m2,Rodillo,6,1779.55,1697.41,95.38,9.24,0.38,4982.74,4993.87,Sin incidencia,Conforme
OV-00445,2026-05-27,Frente 02,Subbase granular,m3,Volquete,7,529.28,451.91,85.38,9.62,1.98,16937.1,14866.73,Clima,Conforme
OV-00446,2026-05-27,Frente 02,Pavimento asfáltico,t,Motoniveladora,6,316.21,272.51,86.18,9.73,0.93,58498.06,52800.04,Sin incidencia,Conforme
OV-00447,2026-05-27,Frente 01,Cunetas de concreto,m,Rodillo,8,126.82,104.02,82.02,9.42,1.9,18388.93,16529.92,Sin incidencia,Conforme
OV-00448,2026-05-28,Frente 03,Excavación material suelto,m3,Cargador frontal,8,999.91,818.58,81.87,9.67,1.84,9499.12,8015.57,Sin incidencia,Conforme
OV-00449,2026-05-28,Frente 01,Cunetas de concreto,m,Rodillo,6,112.08,73.8,65.84,8.31,2.18,16252.31,10778.99,Cambio de frente,Conforme
OV-00450,2026-05-28,Frente 01,Pavimento asfáltico,t,Rodillo,7,319.07,230.52,72.25,8.84,2.06,59027.79,43385.59,Sin incidencia,Conforme
OV-00451,2026-05-28,Frente 01,Excavación roca fija,m3,Motoniveladora,6,440.12,398.1,90.45,9.67,0.09,12323.44,11997.97,Sin incidencia,Conforme
OV-00452,2026-05-29,Frente 02,Desbroce y limpieza,m2,Excavadora,5,1684.43,1796.77,106.67,8.83,0.36,4716.4,5313.4,Sin incidencia,Conforme
OV-00453,2026-05-29,Frente 02,Cunetas de concreto,m,Volquete,5,115.71,129.12,111.59,10.15,0.91,16777.4,19410.18,Cambio de frente,Conforme
OV-00454,2026-05-29,Frente 01,Pavimento asfáltico,t,Volquete,4,313.76,278.55,88.78,9.01,1.25,58045.0,54742.31,Abastecimiento de material,Conforme
OV-00455,2026-05-30,Frente 01,Base granular,m3,Rodillo,8,476.86,511.44,107.25,9.31,0.11,18120.81,20089.2,Espera de topografía,Conforme
OV-00456,2026-05-30,Frente 03,Subbase granular,m3,Rodillo,6,478.83,397.33,82.98,9.33,2.02,15322.6,13215.74,Cambio de frente,Conforme
OV-00457,2026-05-31,Frente 01,Base granular,m3,Cargador frontal,5,404.8,400.16,98.85,7.77,0.95,15382.4,15276.6,Sin incidencia,Conforme
OV-00458,2026-05-31,Frente 03,Pavimento asfáltico,t,Cargador frontal,9,286.62,275.96,96.28,8.61,0.26,53025.05,53386.29,Sin incidencia,Conforme
OV-00459,2026-05-31,Frente 01,Excavación material suelto,m3,Cargador frontal,5,974.43,665.04,68.25,7.41,0.92,9257.05,6560.21,Sin incidencia,Conforme
OV-00460,2026-05-31,Frente 03,Cunetas de concreto,m,Motoniveladora,8,114.45,101.36,88.56,7.74,1.57,16595.63,15243.94,Sin incidencia,Observado
OV-00461,2026-06-01,Frente 02,Excavación roca fija,m3,Rodillo,9,402.71,319.59,79.36,8.07,1.54,11275.93,9424.43,Sin incidencia,Conforme
OV-00462,2026-06-01,Frente 02,Cunetas de concreto,m,Excavadora,6,112.92,98.32,87.07,9.13,1.74,16373.09,14853.85,Sin incidencia,Conforme
OV-00463,2026-06-01,Frente 03,Pavimento asfáltico,t,Cargador frontal,8,290.67,283.64,97.58,10.63,0.72,53773.98,53246.9,Sin incidencia,Conforme
OV-00464,2026-06-01,Frente 02,Excavación material suelto,m3,Motoniveladora,5,930.66,660.39,70.96,7.63,1.3,8841.23,6561.47,Sin incidencia,Conforme
OV-00465,2026-06-02,Frente 02,Excavación material suelto,m3,Pavimentadora,7,1000.36,1200.43,120.0,8.97,0.42,9503.38,12264.88,Sin incidencia,Conforme
OV-00466,2026-06-02,Frente 03,Pavimento asfáltico,t,Pavimentadora,8,330.93,267.82,80.93,8.55,1.11,61222.29,50980.36,Sin incidencia,Conforme
OV-00467,2026-06-02,Frente 01,Base granular,m3,Pavimentadora,4,445.38,401.31,90.11,8.58,0.84,16924.56,15757.61,Clima,Conforme
OV-00468,2026-06-03,Frente 02,Cunetas de concreto,m,Pavimentadora,4,112.75,135.3,120.0,7.48,0.69,16349.22,20140.53,Sin incidencia,Observado
OV-00469,2026-06-03,Frente 01,Excavación roca fija,m3,Cargador frontal,6,424.07,283.76,66.91,6.88,2.21,11873.96,8282.96,Sin incidencia,Conforme
OV-00470,2026-06-03,Frente 02,Desbroce y limpieza,m2,Rodillo,9,1833.62,1530.4,83.46,10.89,1.27,5134.14,4379.93,Sin incidencia,Conforme
OV-00471,2026-06-04,Frente 02,Pavimento asfáltico,t,Cargador frontal,4,273.39,259.16,94.79,7.96,0.97,50578.02,48957.65,Clima,Conforme
OV-00472,2026-06-04,Frente 01,Excavación roca fija,m3,Rodillo,4,398.82,299.56,75.11,7.74,1.7,11166.87,8708.72,Abastecimiento de material,Conforme
OV-00473,2026-06-04,Frente 03,Subbase granular,m3,Volquete,8,519.2,425.75,82.0,8.53,1.06,16614.4,14284.23,Sin incidencia,Conforme
OV-00474,2026-06-05,Frente 02,Base granular,m3,Pavimentadora,9,457.7,390.15,85.24,9.56,0.05,17392.62,15592.05,Abastecimiento de material,Conforme
OV-00475,2026-06-05,Frente 03,Desbroce y limpieza,m2,Cargador frontal,7,1702.08,1555.91,91.41,10.16,0.0,4765.83,4654.03,Cambio de frente,Conforme
OV-00476,2026-06-05,Frente 01,Excavación material suelto,m3,Rodillo,7,1064.0,765.16,71.91,8.05,1.19,10108.0,7328.19,Abastecimiento de material,Conforme
OV-00477,2026-06-05,Frente 03,Cunetas de concreto,m,Cargador frontal,7,110.44,90.85,82.26,10.41,2.01,16014.12,13284.66,Sin incidencia,Observado
OV-00478,2026-06-06,Frente 03,Pavimento asfáltico,t,Motoniveladora,6,288.24,328.78,114.06,10.56,0.46,53324.38,63889.32,Sin incidencia,Conforme
OV-00479,2026-06-06,Frente 03,Excavación material suelto,m3,Rodillo,8,935.26,956.74,102.3,10.79,0.72,8884.97,9517.53,Sin incidencia,Conforme
OV-00480,2026-06-06,Frente 03,Base granular,m3,Motoniveladora,4,447.63,303.33,67.76,10.57,1.8,17009.95,12265.83,Sin incidencia,Conforme
OV-00481,2026-06-06,Frente 03,Cunetas de concreto,m,Rodillo,5,109.65,65.49,59.72,9.34,2.36,15898.59,9853.01,Sin incidencia,Conforme
OV-00482,2026-06-07,Frente 03,Subbase granular,m3,Cargador frontal,5,548.8,482.63,87.94,9.81,0.93,17561.69,16587.82,Sin incidencia,Conforme
OV-00483,2026-06-07,Frente 01,Base granular,m3,Pavimentadora,6,422.57,377.97,89.45,7.72,1.54,16057.63,15647.58,Sin incidencia,Conforme
OV-00484,2026-06-08,Frente 02,Base granular,m3,Cargador frontal,5,438.63,418.78,95.47,8.31,1.29,16668.03,16141.71,Sin incidencia,Conforme
OV-00485,2026-06-08,Frente 02,Desbroce y limpieza,m2,Volquete,5,1676.49,1038.33,61.93,9.61,1.06,4694.16,2996.56,Cambio de frente,Conforme
OV-00486,2026-06-09,Frente 03,Base granular,m3,Volquete,9,471.27,475.12,100.82,9.4,0.82,17908.17,18771.68,Cambio de frente,Conforme
OV-00487,2026-06-09,Frente 03,Excavación material suelto,m3,Cargador frontal,4,927.5,666.49,71.86,6.99,2.08,8811.22,6461.06,Cambio de frente,Conforme
OV-00488,2026-06-10,Frente 01,Base granular,m3,Pavimentadora,9,453.86,439.77,96.9,9.69,1.46,17246.57,17425.79,Sin incidencia,Conforme
OV-00489,2026-06-10,Frente 03,Excavación roca fija,m3,Motoniveladora,4,389.62,367.43,94.3,8.24,0.05,10909.3,10307.83,Sin incidencia,Conforme
OV-00490,2026-06-11,Frente 02,Pavimento asfáltico,t,Volquete,7,307.2,234.5,76.34,8.11,1.9,56831.66,46660.81,Sin incidencia,Conforme
OV-00491,2026-06-11,Frente 02,Base granular,m3,Motoniveladora,4,457.66,390.86,85.4,11.93,0.9,17391.05,15806.91,Sin incidencia,Conforme
OV-00492,2026-06-12,Frente 01,Cunetas de concreto,m,Excavadora,4,109.46,128.64,117.52,9.22,0.03,15872.3,19792.43,Falla mecánica,Conforme
OV-00493,2026-06-12,Frente 02,Pavimento asfáltico,t,Excavadora,9,302.08,248.62,82.3,10.33,2.0,55885.32,46586.07,Clima,Conforme
OV-00494,2026-06-12,Frente 01,Excavación material suelto,m3,Pavimentadora,7,894.06,717.99,80.31,8.95,0.6,8493.57,7287.68,Sin incidencia,Conforme
OV-00495,2026-06-13,Frente 02,Excavación roca fija,m3,Volquete,5,409.97,361.75,88.24,9.13,1.2,11479.17,10315.41,Abastecimiento de material,Conforme
OV-00496,2026-06-13,Frente 02,Subbase granular,m3,Motoniveladora,8,511.25,459.68,89.91,10.76,1.41,16360.07,15015.98,Sin incidencia,Conforme
OV-00497,2026-06-13,Frente 02,Pavimento asfáltico,t,Volquete,4,294.6,353.52,120.0,9.21,0.4,54500.65,66972.22,Sin incidencia,Conforme
OV-00498,2026-06-13,Frente 03,Cunetas de concreto,m,Volquete,5,122.69,120.04,97.84,9.13,1.11,17790.14,19035.48,Sin incidencia,Conforme
OV-00499,2026-06-14,Frente 02,Pavimento asfáltico,t,Cargador frontal,9,316.71,270.45,85.39,8.63,1.42,58591.06,53196.07,Falla mecánica,Observado
OV-00500,2026-06-14,Frente 01,Excavación material suelto,m3,Cargador frontal,7,965.26,1032.87,107.0,10.0,0.97,9170.01,10585.53,Falla mecánica,Conforme
OV-00501,2026-06-15,Frente 03,Base granular,m3,Motoniveladora,6,404.8,366.51,90.54,7.97,0.96,15382.4,15115.84,Espera de topografía,Conforme
OV-00502,2026-06-15,Frente 03,Subbase granular,m3,Motoniveladora,6,559.59,538.74,96.27,8.71,1.52,17906.76,17540.9,Sin incidencia,Conforme
OV-00503,2026-06-16,Frente 02,Excavación material suelto,m3,Cargador frontal,7,973.65,948.84,97.45,8.18,0.65,9249.7,9260.5,Falla mecánica,Conforme
OV-00504,2026-06-16,Frente 02,Desbroce y limpieza,m2,Excavadora,9,1817.95,1973.67,108.57,8.72,1.1,5090.26,5747.07,Clima,Conforme
OV-00505,2026-06-16,Frente 02,Pavimento asfáltico,t,Volquete,4,298.52,304.77,102.09,10.23,0.0,55226.18,57244.31,Sin incidencia,Conforme
OV-00506,2026-06-16,Frente 02,Cunetas de concreto,m,Excavadora,4,119.93,98.71,82.3,10.18,1.89,17390.0,15547.97,Sin incidencia,Conforme
OV-00507,2026-06-17,Frente 03,Cunetas de concreto,m,Motoniveladora,6,115.36,123.66,107.19,10.03,0.66,16727.16,18011.0,Espera de topografía,Conforme
OV-00508,2026-06-17,Frente 02,Pavimento asfáltico,t,Rodillo,6,300.38,214.37,71.37,10.14,1.01,55569.61,40715.47,Sin incidencia,Conforme
OV-00509,2026-06-17,Frente 01,Desbroce y limpieza,m2,Volquete,8,1717.78,1580.16,91.99,7.38,0.02,4809.79,4484.6,Sin incidencia,Conforme
OV-00510,2026-06-18,Frente 02,Desbroce y limpieza,m2,Pavimentadora,5,1834.93,2016.05,109.87,9.5,0.14,5137.81,5909.51,Espera de topografía,Observado
OV-00511,2026-06-18,Frente 02,Subbase granular,m3,Pavimentadora,5,503.86,438.97,87.12,10.75,0.79,16123.38,14575.97,Sin incidencia,Conforme
OV-00512,2026-06-18,Frente 01,Cunetas de concreto,m,Volquete,5,120.45,94.13,78.15,8.03,1.95,17464.79,13953.56,Sin incidencia,Conforme
OV-00513,2026-06-18,Frente 01,Excavación roca fija,m3,Motoniveladora,8,392.46,308.4,78.58,8.05,1.42,10988.88,8722.08,Sin incidencia,Conforme
OV-00514,2026-06-19,Frente 03,Cunetas de concreto,m,Motoniveladora,7,119.59,81.36,68.03,9.06,1.54,17340.71,12501.48,Falla mecánica,Conforme
OV-00515,2026-06-19,Frente 03,Pavimento asfáltico,t,Motoniveladora,9,311.1,292.9,94.15,8.26,0.75,57552.6,57039.94,Sin incidencia,Conforme
OV-00516,2026-06-19,Frente 02,Subbase granular,m3,Volquete,9,522.55,547.68,104.81,9.37,1.3,16721.59,18413.61,Sin incidencia,Conforme
OV-00517,2026-06-19,Frente 01,Excavación material suelto,m3,Cargador frontal,7,855.82,845.05,98.74,9.28,0.99,8130.33,8527.03,Sin incidencia,Conforme
OV-00518,2026-06-20,Frente 01,Desbroce y limpieza,m2,Rodillo,6,1866.81,1787.81,95.77,9.67,0.6,5227.07,5241.66,Sin incidencia,Conforme
OV-00519,2026-06-20,Frente 01,Pavimento asfáltico,t,Pavimentadora,7,302.3,242.62,80.26,8.38,1.34,55925.73,46219.93,Espera de topografía,Observado
OV-00520,2026-06-20,Frente 03,Base granular,m3,Motoniveladora,7,439.82,219.91,50.0,7.94,1.75,16713.01,9175.51,Falla mecánica,Conforme
OV-00521,2026-06-21,Frente 02,Pavimento asfáltico,t,Cargador frontal,6,325.02,339.83,104.56,9.56,0.71,60128.07,65352.33,Sin incidencia,Conforme
OV-00522,2026-06-21,Frente 03,Excavación material suelto,m3,Motoniveladora,9,921.41,1023.34,111.06,11.6,1.81,8753.38,9755.76,Sin incidencia,Conforme
OV-00523,2026-06-21,Frente 03,Subbase granular,m3,Rodillo,5,538.7,426.88,79.24,9.88,1.55,17238.53,13942.12,Clima,Conforme
OV-00524,2026-06-22,Frente 03,Base granular,m3,Cargador frontal,4,486.19,583.43,120.0,7.04,0.0,18475.36,23760.79,Abastecimiento de material,Conforme
OV-00525,2026-06-22,Frente 03,Excavación roca fija,m3,Excavadora,7,431.01,344.9,80.02,9.18,1.65,12068.34,10128.37,Cambio de frente,Conforme
OV-00526,2026-06-23,Frente 03,Excavación roca fija,m3,Rodillo,6,451.15,389.15,86.26,10.35,1.15,12632.1,11354.7,Sin incidencia,Observado
OV-00527,2026-06-23,Frente 01,Subbase granular,m3,Excavadora,7,526.54,572.58,108.74,10.12,0.87,16849.27,19596.55,Sin incidencia,Observado
OV-00528,2026-06-23,Frente 03,Desbroce y limpieza,m2,Cargador frontal,7,1765.8,2071.55,117.31,7.52,0.62,4944.24,6321.08,Abastecimiento de material,Conforme
OV-00529,2026-06-24,Frente 03,Excavación material suelto,m3,Volquete,9,946.39,1013.51,107.09,8.85,0.16,8990.66,10023.86,Clima,Conforme
OV-00530,2026-06-24,Frente 02,Base granular,m3,Motoniveladora,4,441.66,458.14,103.73,7.5,0.77,16783.19,18655.42,Sin incidencia,Conforme
OV-00531,2026-06-24,Frente 01,Excavación roca fija,m3,Pavimentadora,5,423.04,236.02,55.79,6.9,1.34,11845.23,6915.16,Sin incidencia,Conforme
OV-00532,2026-06-25,Frente 01,Excavación material suelto,m3,Motoniveladora,5,959.93,701.24,73.05,9.58,0.51,9119.29,7262.44,Sin incidencia,Conforme
OV-00533,2026-06-25,Frente 02,Desbroce y limpieza,m2,Volquete,8,1844.45,1725.63,93.56,9.08,0.84,5164.47,5040.95,Sin incidencia,Conforme
OV-00534,2026-06-25,Frente 03,Cunetas de concreto,m,Motoniveladora,4,106.1,110.37,104.02,9.3,0.35,15385.15,16614.22,Sin incidencia,Conforme
OV-00535,2026-06-25,Frente 01,Excavación roca fija,m3,Pavimentadora,8,426.53,451.81,105.93,8.9,0.31,11942.72,12963.98,Clima,Conforme
OV-00536,2026-06-26,Frente 03,Desbroce y limpieza,m2,Volquete,5,1836.48,1574.09,85.71,9.35,1.5,5142.15,4600.04,Sin incidencia,Observado
OV-00537,2026-06-26,Frente 03,Pavimento asfáltico,t,Pavimentadora,9,326.84,325.33,99.54,7.94,0.8,60466.3,61117.24,Sin incidencia,Observado
OV-00538,2026-06-27,Frente 01,Cunetas de concreto,m,Motoniveladora,4,117.38,118.58,101.03,7.69,0.17,17019.57,17677.41,Sin incidencia,Conforme
OV-00539,2026-06-27,Frente 03,Excavación roca fija,m3,Rodillo,4,404.62,340.96,84.27,8.86,1.72,11329.32,10413.41,Sin incidencia,Conforme
OV-00540,2026-06-27,Frente 03,Excavación material suelto,m3,Pavimentadora,4,918.24,697.46,75.96,8.23,0.76,8723.31,6764.51,Sin incidencia,Conforme
OV-00541,2026-06-28,Frente 03,Base granular,m3,Motoniveladora,7,490.8,444.48,90.56,8.28,0.58,18650.26,18112.31,Sin incidencia,Conforme
OV-00542,2026-06-28,Frente 03,Excavación material suelto,m3,Cargador frontal,9,902.97,863.91,95.67,8.75,0.48,8578.22,8352.26,Sin incidencia,Conforme
OV-00543,2026-06-28,Frente 03,Cunetas de concreto,m,Volquete,7,123.02,115.45,93.85,8.92,1.51,17837.18,17432.08,Clima,Conforme
OV-00544,2026-06-28,Frente 01,Desbroce y limpieza,m2,Volquete,8,1777.25,1356.87,76.35,10.01,1.49,4976.3,4148.4,Espera de topografía,Conforme
OV-00545,2026-06-29,Frente 03,Pavimento asfáltico,t,Cargador frontal,4,334.97,310.82,92.79,9.72,0.27,61970.25,59822.43,Sin incidencia,Conforme
OV-00546,2026-06-29,Frente 03,Excavación material suelto,m3,Cargador frontal,9,888.78,687.17,77.32,9.43,2.81,8443.41,6928.53,Sin incidencia,Conforme
OV-00547,2026-06-29,Frente 03,Excavación roca fija,m3,Motoniveladora,6,406.82,455.86,112.05,11.15,0.16,11390.89,13410.37,Sin incidencia,Conforme
OV-00548,2026-06-29,Frente 03,Subbase granular,m3,Excavadora,4,558.39,498.92,89.35,10.71,0.96,17868.45,17264.65,Sin incidencia,Conforme
OV-00549,2026-06-30,Frente 01,Pavimento asfáltico,t,Excavadora,8,295.56,258.49,87.46,5.86,1.41,54679.46,50260.33,Abastecimiento de material,Conforme
OV-00550,2026-06-30,Frente 01,Subbase granular,m3,Volquete,7,525.76,552.56,105.1,9.07,0.31,16824.21,17893.83,Clima,Conforme
OV-00551,2026-06-30,Frente 02,Base granular,m3,Rodillo,6,497.25,435.25,87.53,11.82,0.57,18895.61,17055.23,Sin incidencia,Conforme
OV-00552,2026-06-30,Frente 02,Excavación material suelto,m3,Volquete,6,889.6,535.51,60.2,8.8,0.87,8451.19,5290.15,Sin incidencia,Conforme
OV-00553,2026-07-01,Frente 02,Subbase granular,m3,Cargador frontal,8,507.65,604.4,119.06,7.37,0.26,16244.84,20347.31,Sin incidencia,Conforme
OV-00554,2026-07-01,Frente 03,Cunetas de concreto,m,Pavimentadora,7,116.66,116.47,99.84,10.1,0.42,16915.87,17963.07,Sin incidencia,Conforme
OV-00555,2026-07-01,Frente 03,Excavación material suelto,m3,Volquete,4,973.41,1135.41,116.64,8.43,0.93,9247.38,11560.0,Cambio de frente,Conforme
OV-00556,2026-07-02,Frente 02,Excavación material suelto,m3,Excavadora,4,952.05,957.36,100.56,8.39,1.78,9044.47,9174.39,Sin incidencia,Conforme
OV-00557,2026-07-02,Frente 02,Desbroce y limpieza,m2,Volquete,5,1934.31,1673.23,86.5,9.59,1.54,5416.06,4974.9,Abastecimiento de material,Conforme
OV-00558,2026-07-02,Frente 02,Subbase granular,m3,Volquete,4,472.26,408.02,86.4,6.75,1.91,15112.23,13455.23,Sin incidencia,Conforme
OV-00559,2026-07-03,Frente 02,Base granular,m3,Motoniveladora,5,472.03,478.71,101.42,9.51,1.36,17937.21,18739.68,Sin incidencia,Conforme
OV-00560,2026-07-03,Frente 03,Subbase granular,m3,Pavimentadora,5,535.71,565.26,105.52,9.24,1.31,17142.67,18434.52,Sin incidencia,Conforme
OV-00561,2026-07-03,Frente 03,Excavación roca fija,m3,Excavadora,5,403.31,414.99,102.9,7.08,1.77,11292.54,11816.34,Cambio de frente,Conforme
OV-00562,2026-07-03,Frente 02,Desbroce y limpieza,m2,Cargador frontal,9,1903.09,1648.3,86.61,8.89,1.06,5328.66,5041.54,Sin incidencia,Conforme
OV-00563,2026-07-04,Frente 03,Base granular,m3,Pavimentadora,4,462.05,416.94,90.24,8.99,0.0,17557.86,16266.08,Sin incidencia,Conforme
OV-00564,2026-07-04,Frente 02,Excavación material suelto,m3,Motoniveladora,9,1007.05,858.64,85.26,7.49,1.49,9566.99,8408.86,Sin incidencia,Conforme
OV-00565,2026-07-04,Frente 01,Pavimento asfáltico,t,Pavimentadora,4,346.69,344.84,99.47,10.37,0.77,64138.3,70153.65,Espera de topografía,Conforme
OV-00566,2026-07-05,Frente 03,Subbase granular,m3,Motoniveladora,7,494.08,449.63,91.0,9.7,1.29,15810.45,15687.17,Falla mecánica,Conforme
OV-00567,2026-07-05,Frente 02,Pavimento asfáltico,t,Pavimentadora,5,343.64,288.79,84.04,6.51,2.01,63574.17,56192.39,Espera de topografía,Conforme
OV-00568,2026-07-05,Frente 01,Excavación material suelto,m3,Volquete,9,948.01,887.25,93.59,8.16,0.17,9006.1,8836.58,Sin incidencia,Conforme
OV-00569,2026-07-06,Frente 02,Excavación material suelto,m3,Rodillo,5,918.04,675.89,73.62,10.69,1.72,8721.35,6765.05,Sin incidencia,Observado
OV-00570,2026-07-06,Frente 01,Excavación roca fija,m3,Rodillo,7,387.61,356.04,91.86,6.35,0.16,10853.02,10067.93,Sin incidencia,Conforme
OV-00571,2026-07-07,Frente 03,Base granular,m3,Pavimentadora,6,452.1,390.9,86.46,7.02,2.09,17179.8,15987.1,Sin incidencia,Conforme
OV-00572,2026-07-07,Frente 03,Excavación material suelto,m3,Cargador frontal,7,952.57,897.23,94.19,8.83,0.82,9049.46,8622.86,Cambio de frente,Conforme
OV-00573,2026-07-08,Frente 03,Pavimento asfáltico,t,Cargador frontal,4,328.92,273.63,83.19,8.41,1.51,60849.95,51851.1,Abastecimiento de material,Conforme
OV-00574,2026-07-08,Frente 01,Excavación roca fija,m3,Motoniveladora,4,409.06,265.68,64.95,8.67,1.9,11453.76,7539.82,Falla mecánica,Conforme
OV-00575,2026-07-08,Frente 02,Base granular,m3,Rodillo,5,458.52,389.39,84.92,7.92,0.93,17423.95,15977.02,Sin incidencia,Conforme
OV-00576,2026-07-08,Frente 02,Desbroce y limpieza,m2,Cargador frontal,9,1900.52,2054.78,108.12,8.25,0.0,5321.45,6321.37,Sin incidencia,Conforme
OV-00577,2026-07-09,Frente 03,Cunetas de concreto,m,Excavadora,7,119.16,91.56,76.84,8.6,1.19,17277.53,13317.72,Sin incidencia,Conforme
OV-00578,2026-07-09,Frente 01,Excavación roca fija,m3,Rodillo,6,415.13,394.07,94.93,10.46,0.29,11623.76,11801.63,Sin incidencia,Observado
OV-00579,2026-07-09,Frente 02,Base granular,m3,Volquete,4,486.88,438.25,90.01,8.1,1.34,18501.33,17002.08,Sin incidencia,Conforme
OV-00580,2026-07-10,Frente 03,Subbase granular,m3,Excavadora,4,549.58,467.67,85.1,9.87,0.9,17586.63,15477.15,Sin incidencia,Conforme
OV-00581,2026-07-10,Frente 03,Excavación roca fija,m3,Excavadora,9,470.4,478.88,101.8,8.88,0.24,13171.2,14466.43,Sin incidencia,Conforme
OV-00582,2026-07-10,Frente 01,Cunetas de concreto,m,Excavadora,5,112.05,88.51,78.99,8.53,1.61,16246.9,13057.57,Sin incidencia,Conforme
OV-00583,2026-07-10,Frente 01,Pavimento asfáltico,t,Rodillo,9,307.15,270.9,88.2,8.23,1.0,56823.26,51719.66,Sin incidencia,Conforme
OV-00584,2026-07-11,Frente 02,Base granular,m3,Pavimentadora,7,436.29,390.97,89.61,8.43,1.14,16579.18,15592.42,Sin incidencia,Conforme
OV-00585,2026-07-11,Frente 01,Pavimento asfáltico,t,Pavimentadora,7,296.56,224.63,75.75,9.4,2.31,54863.24,42280.17,Sin incidencia,Conforme
OV-00586,2026-07-11,Frente 03,Desbroce y limpieza,m2,Rodillo,7,1863.47,1825.54,97.96,11.07,0.95,5217.71,5502.9,Sin incidencia,Conforme
OV-00587,2026-07-12,Frente 03,Subbase granular,m3,Rodillo,4,523.89,498.49,95.15,9.72,0.0,16764.58,17052.87,Sin incidencia,Conforme
OV-00588,2026-07-12,Frente 01,Pavimento asfáltico,t,Pavimentadora,9,302.1,221.32,73.26,8.08,1.04,55888.21,41408.86,Cambio de frente,Conforme
OV-00589,2026-07-13,Frente 01,Subbase granular,m3,Rodillo,9,487.97,402.17,82.42,11.67,1.05,15615.1,13809.16,Sin incidencia,Conforme
OV-00590,2026-07-13,Frente 01,Base granular,m3,Pavimentadora,9,464.05,523.41,112.79,9.78,1.14,17634.06,20229.37,Sin incidencia,Conforme
OV-00591,2026-07-13,Frente 01,Desbroce y limpieza,m2,Rodillo,6,1875.87,1940.58,103.45,9.22,0.0,5252.44,5640.25,Sin incidencia,Conforme
OV-00592,2026-07-14,Frente 03,Subbase granular,m3,Rodillo,9,553.03,436.18,78.87,8.47,1.39,17697.1,14780.15,Cambio de frente,Conforme
OV-00593,2026-07-14,Frente 03,Desbroce y limpieza,m2,Cargador frontal,4,1765.82,1737.61,98.4,9.61,0.0,4944.31,5326.56,Cambio de frente,Conforme
OV-00594,2026-07-14,Frente 03,Excavación material suelto,m3,Excavadora,9,1005.34,825.42,82.1,9.09,1.02,9550.77,8058.1,Sin incidencia,Observado
OV-00595,2026-07-15,Frente 01,Cunetas de concreto,m,Cargador frontal,4,123.12,110.82,90.01,10.4,0.0,17851.99,17139.27,Abastecimiento de material,Conforme
OV-00596,2026-07-15,Frente 03,Excavación material suelto,m3,Excavadora,7,940.94,956.16,101.62,8.34,0.62,8938.91,9556.1,Cambio de frente,Conforme
OV-00597,2026-07-15,Frente 03,Pavimento asfáltico,t,Pavimentadora,7,333.57,249.65,74.84,10.17,2.03,61710.88,49841.32,Sin incidencia,Conforme
OV-00598,2026-07-16,Frente 02,Subbase granular,m3,Cargador frontal,5,549.1,477.9,87.03,9.12,1.49,17571.05,15787.74,Sin incidencia,Conforme
OV-00599,2026-07-16,Frente 01,Cunetas de concreto,m,Pavimentadora,4,116.19,126.23,108.64,9.56,0.91,16847.41,19105.34,Sin incidencia,Conforme
OV-00600,2026-07-16,Frente 01,Base granular,m3,Motoniveladora,9,486.29,445.85,91.69,11.56,1.03,18478.88,18074.68,Sin incidencia,Conforme
OV-00601,2026-07-17,Frente 01,Excavación material suelto,m3,Cargador frontal,6,855.28,679.05,79.39,10.54,0.77,8125.2,6615.75,Sin incidencia,Conforme
OV-00602,2026-07-17,Frente 01,Excavación roca fija,m3,Motoniveladora,8,470.4,428.89,91.18,7.94,0.63,13171.2,12183.33,Falla mecánica,Conforme
OV-00603,2026-07-17,Frente 03,Desbroce y limpieza,m2,Pavimentadora,6,1841.43,1440.35,78.22,7.28,1.39,5155.99,4395.13,Sin incidencia,Conforme
OV-00604,2026-07-18,Frente 01,Base granular,m3,Rodillo,8,459.04,477.5,104.02,9.14,1.09,17443.55,19310.35,Sin incidencia,Conforme
OV-00605,2026-07-18,Frente 03,Subbase granular,m3,Cargador frontal,7,521.91,341.31,65.4,10.59,0.41,16701.2,11732.45,Sin incidencia,Conforme
OV-00606,2026-07-18,Frente 03,Desbroce y limpieza,m2,Volquete,5,1894.77,1719.09,90.73,7.39,0.86,5305.36,5182.24,Sin incidencia,Conforme
OV-00607,2026-07-19,Frente 02,Excavación roca fija,m3,Volquete,7,425.2,472.52,111.13,11.59,0.9,11905.59,13521.24,Abastecimiento de material,Conforme
OV-00608,2026-07-19,Frente 03,Cunetas de concreto,m,Excavadora,5,111.87,89.52,80.02,8.36,1.44,16221.53,13677.08,Sin incidencia,Conforme
OV-00609,2026-07-19,Frente 02,Subbase granular,m3,Cargador frontal,9,547.27,532.29,97.26,8.95,0.19,17512.5,18148.65,Sin incidencia,Conforme
OV-00610,2026-07-19,Frente 01,Base granular,m3,Cargador frontal,8,473.61,440.62,93.03,10.07,0.0,17997.32,17653.71,Abastecimiento de material,Conforme
OV-00611,2026-07-20,Frente 02,Cunetas de concreto,m,Rodillo,5,114.43,81.02,70.8,9.78,1.72,16592.75,12118.2,Sin incidencia,Conforme
OV-00612,2026-07-20,Frente 01,Subbase granular,m3,Cargador frontal,5,545.86,454.92,83.34,9.52,1.08,17467.58,15903.4,Cambio de frente,Conforme
OV-00613,2026-07-20,Frente 02,Excavación material suelto,m3,Volquete,7,992.75,815.86,82.18,9.19,2.03,9431.14,7771.6,Cambio de frente,Conforme
OV-00614,2026-07-20,Frente 03,Base granular,m3,Motoniveladora,7,454.62,363.51,79.96,9.5,1.73,17275.65,15001.97,Espera de topografía,Observado
OV-00615,2026-07-21,Frente 01,Excavación roca fija,m3,Rodillo,6,421.7,455.37,107.98,10.91,0.89,11807.68,12962.0,Clima,Conforme
OV-00616,2026-07-21,Frente 01,Subbase granular,m3,Rodillo,7,510.55,567.4,111.13,10.04,1.25,16337.67,19303.61,Falla mecánica,Conforme
OV-00617,2026-07-21,Frente 03,Pavimento asfáltico,t,Volquete,4,291.24,312.81,107.41,9.16,1.07,53879.05,63180.97,Abastecimiento de material,Observado
OV-00618,2026-07-21,Frente 02,Base granular,m3,Volquete,6,504.39,365.35,72.43,7.94,0.93,19166.95,14332.49,Sin incidencia,Conforme
OV-00619,2026-07-22,Frente 01,Cunetas de concreto,m,Motoniveladora,5,112.97,111.7,98.87,9.06,0.62,16381.06,17518.01,Clima,Conforme
OV-00620,2026-07-22,Frente 01,Subbase granular,m3,Motoniveladora,6,515.17,574.7,111.56,10.27,1.57,16485.29,19757.39,Sin incidencia,Conforme
OV-00621,2026-07-22,Frente 02,Excavación material suelto,m3,Volquete,9,925.32,815.87,88.17,10.31,1.31,8790.57,8048.56,Sin incidencia,Conforme
OV-00622,2026-07-22,Frente 03,Base granular,m3,Rodillo,4,446.79,383.78,85.9,8.67,0.67,16978.16,15505.77,Sin incidencia,Conforme
OV-00623,2026-07-23,Frente 02,Desbroce y limpieza,m2,Cargador frontal,7,1661.66,1264.08,76.07,7.66,0.91,4652.64,3827.04,Sin incidencia,Observado
OV-00624,2026-07-23,Frente 03,Subbase granular,m3,Cargador frontal,5,552.37,487.89,88.33,9.37,1.44,17675.8,15845.48,Sin incidencia,Conforme
OV-00625,2026-07-23,Frente 03,Base granular,m3,Cargador frontal,9,491.67,430.03,87.46,8.16,0.54,18683.39,17365.3,Sin incidencia,Conforme
OV-00626,2026-07-23,Frente 03,Cunetas de concreto,m,Rodillo,9,116.91,100.45,85.91,9.08,1.23,16952.53,15906.56,Espera de topografía,Conforme
OV-00627,2026-07-24,Frente 02,Excavación roca fija,m3,Cargador frontal,9,439.96,323.14,73.45,9.63,1.29,12318.79,9131.49,Clima,Conforme
OV-00628,2026-07-24,Frente 03,Desbroce y limpieza,m2,Cargador frontal,4,1828.08,1911.07,104.54,10.64,0.75,5118.63,5555.52,Abastecimiento de material,Observado
OV-00629,2026-07-25,Frente 01,Cunetas de concreto,m,Motoniveladora,5,118.15,112.27,95.03,11.14,0.44,17131.3,17575.18,Abastecimiento de material,Conforme
OV-00630,2026-07-25,Frente 01,Desbroce y limpieza,m2,Rodillo,4,1805.02,1485.74,82.31,10.91,1.7,5054.04,4469.19,Sin incidencia,Conforme
OV-00631,2026-07-26,Frente 02,Subbase granular,m3,Excavadora,8,501.96,470.0,93.63,7.93,0.0,16062.75,15587.21,Sin incidencia,Conforme
OV-00632,2026-07-26,Frente 01,Excavación roca fija,m3,Excavadora,9,439.8,380.54,86.53,6.88,0.34,12314.37,10930.47,Cambio de frente,Conforme
OV-00633,2026-07-27,Frente 02,Subbase granular,m3,Volquete,8,556.16,506.3,91.04,7.11,0.69,17797.06,17594.75,Sin incidencia,Conforme
OV-00634,2026-07-27,Frente 03,Cunetas de concreto,m,Excavadora,7,116.27,112.25,96.54,9.34,0.66,16859.26,17118.06,Sin incidencia,Conforme
OV-00635,2026-07-27,Frente 02,Desbroce y limpieza,m2,Rodillo,4,1879.93,1588.93,84.52,9.19,1.23,5263.79,4522.73,Sin incidencia,Conforme
OV-00636,2026-07-27,Frente 01,Excavación roca fija,m3,Excavadora,6,417.94,372.57,89.14,9.62,2.05,11702.3,10860.26,Falla mecánica,Conforme
OV-00637,2026-07-28,Frente 01,Excavación roca fija,m3,Volquete,4,419.9,421.45,100.37,7.1,0.91,11757.12,12222.58,Sin incidencia,Conforme
OV-00638,2026-07-28,Frente 01,Base granular,m3,Volquete,9,457.5,410.84,89.8,9.33,1.24,17385.16,17099.49,Cambio de frente,Conforme
OV-00639,2026-07-28,Frente 01,Pavimento asfáltico,t,Motoniveladora,7,329.33,300.7,91.31,9.63,0.62,60926.18,59061.9,Espera de topografía,Conforme
OV-00640,2026-07-28,Frente 03,Desbroce y limpieza,m2,Cargador frontal,6,1683.34,1139.52,67.69,6.95,1.56,4713.36,3196.31,Espera de topografía,Conforme
OV-00641,2026-07-29,Frente 01,Subbase granular,m3,Excavadora,9,518.39,319.05,61.55,6.08,1.62,16588.5,10807.78,Sin incidencia,Observado
OV-00642,2026-07-29,Frente 01,Cunetas de concreto,m,Volquete,9,118.39,93.09,78.63,7.59,0.98,17165.83,14140.65,Falla mecánica,Conforme
OV-00643,2026-07-29,Frente 01,Pavimento asfáltico,t,Rodillo,6,316.91,264.31,83.4,7.93,1.64,58628.19,50019.52,Sin incidencia,Conforme
OV-00644,2026-07-29,Frente 01,Desbroce y limpieza,m2,Volquete,8,1802.64,1888.74,104.78,9.49,0.26,5047.39,5509.15,Sin incidencia,Conforme
OV-00645,2026-07-30,Frente 01,Desbroce y limpieza,m2,Rodillo,9,1841.01,1700.59,92.37,8.58,1.03,5154.84,4952.9,Sin incidencia,Conforme
OV-00646,2026-07-30,Frente 02,Excavación roca fija,m3,Volquete,8,420.06,433.44,103.19,10.01,0.67,11761.62,12983.98,Cambio de frente,Conforme
OV-00647,2026-07-30,Frente 01,Excavación material suelto,m3,Volquete,7,933.64,984.51,105.45,9.28,1.76,8869.57,9521.82,Sin incidencia,Conforme
OV-00648,2026-07-30,Frente 03,Base granular,m3,Pavimentadora,7,489.1,433.96,88.73,6.85,1.6,18585.79,16884.38,Abastecimiento de material,Conforme
OV-00649,2026-07-31,Frente 01,Cunetas de concreto,m,Rodillo,9,114.31,107.21,93.79,7.52,0.62,16574.76,16214.74,Sin incidencia,Conforme
OV-00650,2026-07-31,Frente 03,Pavimento asfáltico,t,Excavadora,8,282.46,261.65,92.63,6.96,0.68,52254.29,52341.61,Sin incidencia,Conforme
OV-00651,2026-07-31,Frente 02,Desbroce y limpieza,m2,Cargador frontal,7,1584.0,1307.85,82.57,8.73,0.69,4435.2,3823.55,Abastecimiento de material,Conforme
OV-00652,2026-07-31,Frente 02,Subbase granular,m3,Volquete,9,541.64,483.0,89.17,8.05,1.91,17332.59,16494.99,Clima,Conforme
OV-00653,2026-08-01,Frente 03,Excavación roca fija,m3,Pavimentadora,7,427.24,368.14,86.17,8.05,1.88,11962.76,10960.91,Sin incidencia,Conforme
OV-00654,2026-08-01,Frente 01,Desbroce y limpieza,m2,Rodillo,5,1588.08,1396.75,87.95,8.65,1.71,4446.61,4120.52,Espera de topografía,Conforme
OV-00655,2026-08-01,Frente 03,Subbase granular,m3,Volquete,4,523.55,427.71,81.7,9.69,1.06,16753.5,14965.58,Espera de topografía,Conforme
OV-00656,2026-08-01,Frente 02,Pavimento asfáltico,t,Volquete,7,316.11,363.44,114.97,5.97,0.45,58479.45,73383.88,Sin incidencia,Conforme
OV-00657,2026-08-02,Frente 01,Cunetas de concreto,m,Rodillo,9,109.52,104.27,95.21,8.37,0.28,15880.82,16073.17,Sin incidencia,Conforme
OV-00658,2026-08-02,Frente 03,Desbroce y limpieza,m2,Motoniveladora,4,1794.53,2121.46,118.22,7.52,0.98,5024.68,6532.24,Sin incidencia,Conforme
OV-00659,2026-08-02,Frente 01,Base granular,m3,Rodillo,8,407.38,372.68,91.48,9.39,0.03,15480.5,14766.81,Sin incidencia,Conforme
OV-00660,2026-08-02,Frente 01,Subbase granular,m3,Excavadora,8,579.97,390.38,67.31,8.84,1.79,18558.89,12781.68,Abastecimiento de material,Conforme
OV-00661,2026-08-03,Frente 03,Pavimento asfáltico,t,Volquete,9,346.04,301.22,87.05,10.36,1.87,64018.27,61049.73,Cambio de frente,Conforme
OV-00662,2026-08-03,Frente 03,Excavación roca fija,m3,Pavimentadora,7,420.42,361.61,86.01,10.4,1.4,11771.84,11137.27,Sin incidencia,Conforme
OV-00663,2026-08-03,Frente 02,Subbase granular,m3,Volquete,6,513.57,518.1,100.88,9.28,0.82,16434.26,17633.34,Sin incidencia,Conforme
OV-00664,2026-08-04,Frente 03,Excavación material suelto,m3,Rodillo,5,905.75,983.49,108.58,8.59,0.59,8604.67,10080.97,Abastecimiento de material,Conforme
OV-00665,2026-08-04,Frente 03,Pavimento asfáltico,t,Cargador frontal,5,318.7,286.2,89.8,10.34,0.58,58959.9,53753.67,Sin incidencia,Conforme
OV-00666,2026-08-04,Frente 02,Excavación roca fija,m3,Volquete,9,442.52,443.61,100.25,10.21,1.03,12390.66,13430.68,Sin incidencia,Conforme
OV-00667,2026-08-05,Frente 01,Subbase granular,m3,Motoniveladora,9,498.33,525.84,105.52,10.85,0.76,15946.47,18067.98,Abastecimiento de material,Conforme
OV-00668,2026-08-05,Frente 02,Pavimento asfáltico,t,Cargador frontal,8,312.67,209.23,66.92,10.33,1.85,57844.56,42489.39,Espera de topografía,Conforme
OV-00669,2026-08-05,Frente 01,Desbroce y limpieza,m2,Rodillo,6,1799.04,1692.3,94.07,7.6,0.99,5037.32,5188.42,Sin incidencia,Conforme
OV-00670,2026-08-05,Frente 03,Excavación roca fija,m3,Pavimentadora,9,422.07,318.6,75.48,8.41,1.84,11817.95,9572.84,Cambio de frente,Conforme
OV-00671,2026-08-06,Frente 01,Pavimento asfáltico,t,Rodillo,4,303.73,277.2,91.27,10.16,0.69,56189.84,54516.9,Sin incidencia,Conforme
OV-00672,2026-08-06,Frente 02,Subbase granular,m3,Rodillo,6,519.0,560.58,108.01,8.28,0.72,16607.9,19702.68,Falla mecánica,Conforme
OV-00673,2026-08-07,Frente 03,Pavimento asfáltico,t,Excavadora,7,295.44,275.41,93.22,9.86,0.66,54656.11,55879.64,Sin incidencia,Conforme
OV-00674,2026-08-07,Frente 02,Excavación material suelto,m3,Motoniveladora,6,987.54,828.92,83.94,10.35,1.21,9381.67,7997.05,Sin incidencia,Conforme
OV-00675,2026-08-07,Frente 02,Base granular,m3,Motoniveladora,9,453.0,390.18,86.13,9.47,1.72,17213.88,15784.5,Falla mecánica,Conforme
OV-00676,2026-08-07,Frente 01,Excavación roca fija,m3,Pavimentadora,7,428.85,347.93,81.13,10.53,1.1,12007.77,10252.12,Abastecimiento de material,Conforme
OV-00677,2026-08-08,Frente 01,Desbroce y limpieza,m2,Motoniveladora,9,1828.15,1572.87,86.04,10.06,1.24,5118.81,4503.84,Abastecimiento de material,Conforme
OV-00678,2026-08-08,Frente 02,Subbase granular,m3,Cargador frontal,8,525.89,471.51,89.66,9.59,1.62,16828.33,15959.96,Sin incidencia,Conforme
OV-00679,2026-08-08,Frente 03,Base granular,m3,Excavadora,4,440.57,409.05,92.85,9.13,0.6,16741.66,16967.85,Sin incidencia,Conforme
OV-00680,2026-08-09,Frente 03,Excavación roca fija,m3,Cargador frontal,9,411.72,455.61,110.66,6.57,0.46,11528.3,13647.4,Sin incidencia,Conforme
OV-00681,2026-08-09,Frente 02,Excavación material suelto,m3,Volquete,9,991.84,708.76,71.46,8.69,1.16,9422.49,6929.68,Sin incidencia,Conforme
OV-00682,2026-08-09,Frente 01,Base granular,m3,Excavadora,8,434.87,516.4,118.75,8.9,1.08,16525.04,21372.96,Sin incidencia,Conforme
OV-00683,2026-08-10,Frente 02,Pavimento asfáltico,t,Volquete,8,288.96,285.96,98.96,8.42,0.26,53457.83,53679.49,Clima,Conforme
OV-00684,2026-08-10,Frente 03,Base granular,m3,Volquete,5,485.88,484.76,99.77,10.36,1.13,18463.32,19944.38,Sin incidencia,Conforme
OV-00685,2026-08-10,Frente 03,Cunetas de concreto,m,Rodillo,5,111.6,82.69,74.09,9.42,2.34,16182.45,12416.52,Sin incidencia,Conforme
OV-00686,2026-08-10,Frente 03,Excavación roca fija,m3,Excavadora,9,375.58,291.0,77.48,8.87,1.23,10516.2,8565.6,Sin incidencia,Conforme
OV-00687,2026-08-11,Frente 02,Excavación material suelto,m3,Excavadora,4,891.92,806.78,90.45,8.48,0.47,8473.27,8198.11,Sin incidencia,Conforme
OV-00688,2026-08-11,Frente 01,Base granular,m3,Motoniveladora,6,467.99,457.53,97.76,8.06,0.83,17783.75,18447.5,Sin incidencia,Conforme
OV-00689,2026-08-11,Frente 01,Cunetas de concreto,m,Excavadora,7,111.47,92.74,83.19,9.01,1.42,16163.76,13817.52,Sin incidencia,Conforme
OV-00690,2026-08-12,Frente 03,Subbase granular,m3,Rodillo,4,514.32,456.29,88.72,7.73,0.89,16458.36,15393.75,Sin incidencia,Conforme
OV-00691,2026-08-12,Frente 01,Excavación material suelto,m3,Pavimentadora,7,878.84,996.09,113.34,8.45,0.0,8349.01,9548.59,Sin incidencia,Conforme
OV-00692,2026-08-12,Frente 03,Desbroce y limpieza,m2,Motoniveladora,7,1716.28,1712.38,99.77,7.85,0.73,4805.6,4999.88,Sin incidencia,Conforme
OV-00693,2026-08-13,Frente 01,Excavación roca fija,m3,Pavimentadora,7,415.54,377.61,90.87,8.44,1.13,11635.13,11195.96,Sin incidencia,Conforme
OV-00694,2026-08-13,Frente 02,Cunetas de concreto,m,Motoniveladora,5,122.63,114.14,93.07,8.41,0.28,17781.52,17137.22,Sin incidencia,Conforme
OV-00695,2026-08-13,Frente 02,Base granular,m3,Rodillo,6,472.74,348.25,73.67,7.85,1.58,17964.17,14326.54,Sin incidencia,Conforme
OV-00696,2026-08-13,Frente 02,Desbroce y limpieza,m2,Motoniveladora,8,1773.79,1438.29,81.09,11.09,1.78,4966.62,4419.02,Sin incidencia,Conforme
OV-00697,2026-08-14,Frente 02,Base granular,m3,Cargador frontal,9,489.39,406.49,83.06,7.71,1.53,18596.68,16563.26,Sin incidencia,Conforme
OV-00698,2026-08-14,Frente 01,Excavación roca fija,m3,Pavimentadora,9,442.05,401.42,90.81,8.82,1.35,12377.51,11525.13,Sin incidencia,Conforme
OV-00699,2026-08-14,Frente 01,Cunetas de concreto,m,Volquete,8,114.9,108.36,94.31,10.53,0.11,16660.57,16072.52,Sin incidencia,Conforme
OV-00700,2026-08-14,Frente 02,Excavación material suelto,m3,Volquete,7,905.88,1061.26,117.15,9.56,0.38,8605.83,11012.89,Sin incidencia,Conforme
OV-00701,2026-08-15,Frente 01,Desbroce y limpieza,m2,Motoniveladora,4,1853.77,1654.56,89.25,7.72,1.53,5190.56,4680.53,Espera de topografía,Conforme
OV-00702,2026-08-15,Frente 02,Base granular,m3,Volquete,5,493.6,411.89,83.45,6.72,0.87,18756.87,16854.93,Espera de topografía,Conforme
OV-00703,2026-08-16,Frente 02,Subbase granular,m3,Volquete,6,533.53,514.12,96.36,8.87,0.36,17072.89,18064.96,Clima,Observado
OV-00704,2026-08-16,Frente 02,Cunetas de concreto,m,Rodillo,6,110.77,106.21,95.89,9.71,0.0,16061.16,15915.27,Clima,Conforme
OV-00705,2026-08-16,Frente 01,Base granular,m3,Excavadora,5,451.95,542.34,120.0,9.22,0.96,17174.07,21088.45,Cambio de frente,Conforme
OV-00706,2026-08-16,Frente 01,Pavimento asfáltico,t,Motoniveladora,6,283.23,218.88,77.28,11.26,1.22,52397.61,43961.38,Sin incidencia,Observado
OV-00707,2026-08-17,Frente 01,Subbase granular,m3,Motoniveladora,9,532.55,407.38,76.5,9.0,1.89,17041.54,13964.81,Sin incidencia,Conforme
OV-00708,2026-08-17,Frente 01,Cunetas de concreto,m,Excavadora,8,118.7,92.04,77.54,9.51,1.09,17212.0,14668.11,Falla mecánica,Conforme
OV-00709,2026-08-17,Frente 02,Excavación roca fija,m3,Cargador frontal,6,428.02,491.0,114.71,10.91,0.0,11984.54,13901.12,Sin incidencia,Conforme
OV-00710,2026-08-18,Frente 02,Base granular,m3,Volquete,5,488.89,423.81,86.69,10.08,1.32,18577.86,16862.26,Clima,Conforme
OV-00711,2026-08-18,Frente 01,Excavación material suelto,m3,Cargador frontal,6,944.93,964.29,102.05,8.91,0.75,8976.86,9717.04,Clima,Conforme
OV-00712,2026-08-18,Frente 03,Cunetas de concreto,m,Motoniveladora,5,125.6,135.91,108.22,7.24,1.18,18211.38,20825.35,Sin incidencia,Conforme
OV-00713,2026-08-19,Frente 01,Base granular,m3,Excavadora,7,493.72,464.53,94.09,7.17,0.43,18761.55,19175.66,Sin incidencia,Conforme
OV-00714,2026-08-19,Frente 03,Excavación material suelto,m3,Volquete,4,908.48,808.76,89.02,10.04,1.12,8630.54,8125.69,Sin incidencia,Conforme
OV-00715,2026-08-19,Frente 03,Subbase granular,m3,Pavimentadora,8,539.31,487.16,90.33,7.37,1.25,17257.86,15745.77,Clima,Conforme
OV-00716,2026-08-20,Frente 01,Excavación material suelto,m3,Cargador frontal,7,935.54,753.72,80.57,9.24,0.8,8887.66,7455.53,Sin incidencia,Conforme
OV-00717,2026-08-20,Frente 02,Base granular,m3,Cargador frontal,7,484.49,405.41,83.68,8.28,1.31,18410.59,16352.25,Sin incidencia,Conforme
OV-00718,2026-08-21,Frente 02,Subbase granular,m3,Cargador frontal,7,500.87,532.34,106.28,9.34,0.0,16027.74,17770.81,Sin incidencia,Conforme
OV-00719,2026-08-21,Frente 01,Pavimento asfáltico,t,Cargador frontal,4,339.53,308.4,90.83,8.78,0.19,62813.28,62334.08,Sin incidencia,Conforme
OV-00720,2026-08-21,Frente 01,Excavación roca fija,m3,Volquete,9,443.29,379.78,85.67,7.76,1.52,12412.17,10765.21,Sin incidencia,Conforme
OV-00721,2026-08-21,Frente 01,Cunetas de concreto,m,Cargador frontal,8,111.59,66.09,59.22,8.68,0.79,16181.24,9783.22,Sin incidencia,Conforme
OV-00722,2026-08-22,Frente 03,Subbase granular,m3,Cargador frontal,6,506.64,572.47,112.99,9.82,0.99,16212.57,18714.78,Sin incidencia,Conforme
OV-00723,2026-08-22,Frente 03,Base granular,m3,Pavimentadora,6,480.94,417.15,86.74,10.42,1.58,18275.68,16158.36,Clima,Conforme
OV-00724,2026-08-22,Frente 01,Pavimento asfáltico,t,Motoniveladora,8,311.86,275.12,88.22,9.77,1.02,57693.85,54593.49,Sin incidencia,Conforme
OV-00725,2026-08-23,Frente 02,Desbroce y limpieza,m2,Rodillo,8,1684.18,1404.55,83.4,10.1,2.07,4715.7,4313.57,Sin incidencia,Conforme
OV-00726,2026-08-23,Frente 01,Excavación roca fija,m3,Pavimentadora,8,433.1,362.08,83.6,8.21,1.38,12126.75,10388.48,Sin incidencia,Conforme
OV-00727,2026-08-24,Frente 02,Cunetas de concreto,m,Rodillo,6,123.57,124.04,100.38,10.75,0.79,17917.89,18779.15,Sin incidencia,Conforme
OV-00728,2026-08-24,Frente 02,Excavación roca fija,m3,Excavadora,6,441.22,415.26,94.12,10.54,1.59,12354.14,12767.17,Sin incidencia,Conforme
OV-00729,2026-08-24,Frente 01,Excavación material suelto,m3,Rodillo,6,942.45,752.58,79.85,10.09,2.51,8953.29,7793.36,Sin incidencia,Conforme
OV-00730,2026-08-24,Frente 01,Desbroce y limpieza,m2,Motoniveladora,8,1771.13,1862.25,105.14,7.98,0.65,4959.18,5649.58,Sin incidencia,Conforme
OV-00731,2026-08-25,Frente 01,Subbase granular,m3,Motoniveladora,8,509.49,457.55,89.8,10.77,1.25,16303.81,15820.7,Sin incidencia,Conforme
OV-00732,2026-08-25,Frente 02,Pavimento asfáltico,t,Motoniveladora,4,324.26,334.01,103.01,8.11,1.14,59988.04,66685.5,Cambio de frente,Conforme
OV-00733,2026-08-25,Frente 01,Excavación roca fija,m3,Rodillo,9,428.15,280.92,65.61,9.62,1.34,11988.2,8423.7,Cambio de frente,Conforme
OV-00734,2026-08-26,Frente 03,Excavación roca fija,m3,Excavadora,7,399.63,312.3,78.15,8.53,0.49,11189.63,9267.88,Sin incidencia,Conforme
OV-00735,2026-08-26,Frente 01,Pavimento asfáltico,t,Motoniveladora,5,330.71,288.51,87.24,9.03,1.2,61180.68,58284.45,Cambio de frente,Conforme
OV-00736,2026-08-26,Frente 01,Cunetas de concreto,m,Rodillo,4,115.38,102.93,89.21,9.75,1.95,16730.18,16167.95,Sin incidencia,Conforme
OV-00737,2026-08-27,Frente 02,Cunetas de concreto,m,Pavimentadora,8,119.79,109.45,91.37,9.44,0.64,17369.24,16223.07,Cambio de frente,Conforme
OV-00738,2026-08-27,Frente 02,Base granular,m3,Excavadora,4,495.01,352.78,71.27,8.73,1.83,18810.33,14500.58,Sin incidencia,Conforme
OV-00739,2026-08-28,Frente 02,Pavimento asfáltico,t,Rodillo,9,327.38,286.6,87.55,7.92,0.88,60564.59,53140.13,Espera de topografía,Conforme
OV-00740,2026-08-28,Frente 03,Base granular,m3,Rodillo,7,463.05,270.51,58.42,8.35,1.76,17595.92,10337.16,Sin incidencia,Conforme
OV-00741,2026-08-29,Frente 03,Desbroce y limpieza,m2,Volquete,4,1782.61,2005.88,112.52,10.47,0.82,4991.31,5701.42,Sin incidencia,Conforme
OV-00742,2026-08-29,Frente 03,Base granular,m3,Cargador frontal,8,480.8,351.05,73.01,9.61,1.56,18270.29,14456.49,Sin incidencia,Conforme
OV-00743,2026-08-30,Frente 03,Pavimento asfáltico,t,Rodillo,4,284.46,288.12,101.29,7.67,0.0,52625.12,57951.46,Espera de topografía,Conforme
OV-00744,2026-08-30,Frente 03,Desbroce y limpieza,m2,Volquete,7,1777.78,1679.6,94.48,10.08,0.75,4977.79,5027.55,Sin incidencia,Conforme
OV-00745,2026-08-30,Frente 03,Excavación roca fija,m3,Excavadora,5,425.32,384.65,90.44,8.38,0.26,11909.0,10889.96,Cambio de frente,Conforme
OV-00746,2026-08-30,Frente 01,Base granular,m3,Pavimentadora,9,463.54,350.64,75.65,8.92,1.12,17614.34,14616.26,Abastecimiento de material,Conforme
OV-00747,2026-08-31,Frente 03,Cunetas de concreto,m,Volquete,5,118.24,104.84,88.67,8.14,0.74,17144.2,15269.48,Abastecimiento de material,Conforme
OV-00748,2026-08-31,Frente 02,Excavación roca fija,m3,Pavimentadora,8,445.98,398.83,89.43,8.39,2.12,12487.4,11551.56,Cambio de frente,Conforme
OV-00749,2026-08-31,Frente 01,Desbroce y limpieza,m2,Rodillo,4,1807.89,1433.29,79.28,11.55,1.54,5062.08,4222.04,Sin incidencia,Conforme
OV-00750,2026-09-01,Frente 02,Desbroce y limpieza,m2,Excavadora,5,1706.08,1752.11,102.7,9.2,1.62,4777.02,5004.54,Sin incidencia,Conforme
OV-00751,2026-09-01,Frente 02,Subbase granular,m3,Volquete,7,532.21,447.34,84.05,9.26,1.29,17030.81,15052.26,Sin incidencia,Conforme
OV-00752,2026-09-01,Frente 02,Pavimento asfáltico,t,Volquete,6,314.55,237.03,75.35,9.81,1.2,58192.15,46140.5,Sin incidencia,Conforme
OV-00753,2026-09-01,Frente 02,Cunetas de concreto,m,Volquete,8,125.86,143.34,113.89,10.14,0.25,18249.6,20814.63,Sin incidencia,Conforme
OV-00754,2026-09-02,Frente 01,Subbase granular,m3,Rodillo,6,527.0,402.89,76.45,10.01,1.36,16864.0,14029.45,Sin incidencia,Conforme
OV-00755,2026-09-02,Frente 03,Desbroce y limpieza,m2,Cargador frontal,8,1766.81,1608.76,91.05,6.47,0.33,4947.06,4609.01,Sin incidencia,Conforme
OV-00756,2026-09-03,Frente 01,Pavimento asfáltico,t,Rodillo,8,311.26,307.04,98.64,10.47,1.18,57583.27,59162.92,Sin incidencia,Conforme
OV-00757,2026-09-03,Frente 01,Base granular,m3,Rodillo,9,450.18,320.49,71.19,9.46,1.36,17106.95,12311.01,Sin incidencia,Conforme
OV-00758,2026-09-03,Frente 01,Excavación roca fija,m3,Excavadora,8,408.37,392.71,96.16,10.75,0.19,11434.34,11888.12,Sin incidencia,Conforme
OV-00759,2026-09-03,Frente 02,Subbase granular,m3,Excavadora,9,474.09,352.13,74.28,10.72,1.39,15170.79,11578.36,Sin incidencia,Conforme
OV-00760,2026-09-04,Frente 03,Cunetas de concreto,m,Excavadora,4,115.86,139.03,120.0,8.22,0.34,16799.27,22100.48,Abastecimiento de material,Conforme
OV-00761,2026-09-04,Frente 03,Pavimento asfáltico,t,Rodillo,8,309.91,258.2,83.31,9.9,1.72,57333.74,48582.09,Sin incidencia,Observado
OV-00762,2026-09-04,Frente 02,Excavación material suelto,m3,Rodillo,9,943.41,823.0,87.24,10.62,1.47,8962.38,8557.59,Sin incidencia,Conforme
OV-00763,2026-09-04,Frente 01,Desbroce y limpieza,m2,Excavadora,7,1770.23,1509.06,85.25,8.85,1.56,4956.65,4506.5,Espera de topografía,Observado
OV-00764,2026-09-05,Frente 01,Base granular,m3,Excavadora,8,486.55,285.63,58.71,10.26,0.88,18488.79,11345.96,Sin incidencia,Conforme
OV-00765,2026-09-05,Frente 01,Cunetas de concreto,m,Volquete,7,102.55,74.78,72.92,9.02,2.0,14870.19,11329.62,Sin incidencia,Conforme
OV-00766,2026-09-05,Frente 01,Excavación material suelto,m3,Motoniveladora,6,998.24,1136.52,113.85,8.72,0.97,9483.31,11500.4,Sin incidencia,Conforme
OV-00767,2026-09-06,Frente 03,Excavación material suelto,m3,Rodillo,6,929.87,894.45,96.19,9.26,0.64,8833.74,9091.41,Abastecimiento de material,Conforme
OV-00768,2026-09-06,Frente 02,Desbroce y limpieza,m2,Volquete,5,1754.84,1419.92,80.91,7.32,0.7,4913.54,4175.46,Clima,Observado
OV-00769,2026-09-06,Frente 03,Base granular,m3,Pavimentadora,9,462.86,389.76,84.21,8.74,0.3,17588.52,15038.69,Clima,Conforme
OV-00770,2026-09-06,Frente 03,Excavación roca fija,m3,Motoniveladora,9,387.34,327.86,84.64,8.4,0.77,10845.65,9712.45,Sin incidencia,Conforme
OV-00771,2026-09-07,Frente 02,Desbroce y limpieza,m2,Motoniveladora,9,1864.84,1759.41,94.35,10.59,0.66,5221.56,5099.71,Sin incidencia,Conforme
OV-00772,2026-09-07,Frente 02,Cunetas de concreto,m,Volquete,9,123.95,122.68,98.98,8.0,0.64,17972.43,18490.73,Sin incidencia,Conforme
OV-00773,2026-09-07,Frente 02,Excavación material suelto,m3,Pavimentadora,6,968.04,904.32,93.42,9.01,0.28,9196.43,8680.56,Sin incidencia,Conforme
OV-00774,2026-09-07,Frente 02,Excavación roca fija,m3,Pavimentadora,9,412.28,449.46,109.02,9.66,0.55,11543.86,12903.44,Sin incidencia,Conforme
OV-00775,2026-09-08,Frente 02,Pavimento asfáltico,t,Volquete,7,329.02,235.1,71.46,7.85,1.59,60868.85,45422.42,Abastecimiento de material,Conforme
OV-00776,2026-09-08,Frente 01,Cunetas de concreto,m,Volquete,9,115.88,108.23,93.39,9.82,0.22,16803.16,16188.57,Sin incidencia,Conforme
OV-00777,2026-09-08,Frente 03,Desbroce y limpieza,m2,Pavimentadora,5,1843.91,2161.44,117.22,9.12,0.0,5162.95,6562.75,Sin incidencia,Conforme
OV-00778,2026-09-09,Frente 01,Cunetas de concreto,m,Volquete,9,104.73,117.26,111.96,8.77,1.07,15186.36,18519.72,Cambio de frente,Conforme
OV-00779,2026-09-09,Frente 03,Excavación material suelto,m3,Cargador frontal,8,1044.97,824.11,78.86,11.18,1.31,9927.17,8434.26,Cambio de frente,Conforme
OV-00780,2026-09-09,Frente 01,Desbroce y limpieza,m2,Motoniveladora,5,1762.03,1908.76,108.33,9.36,0.79,4933.68,5662.21,Cambio de frente,Conforme
OV-00781,2026-09-10,Frente 03,Pavimento asfáltico,t,Cargador frontal,8,341.51,308.02,90.19,8.12,0.84,63179.67,62468.07,Sin incidencia,Observado
OV-00782,2026-09-10,Frente 02,Cunetas de concreto,m,Excavadora,5,119.56,140.61,117.61,10.14,0.56,17335.64,20987.25,Sin incidencia,Conforme
OV-00783,2026-09-11,Frente 03,Pavimento asfáltico,t,Motoniveladora,7,312.02,266.28,85.34,8.07,1.15,57722.85,52788.73,Sin incidencia,Conforme
OV-00784,2026-09-11,Frente 03,Subbase granular,m3,Volquete,5,547.83,492.11,89.83,9.45,0.45,17530.46,17172.09,Sin incidencia,Conforme
OV-00785,2026-09-11,Frente 01,Excavación material suelto,m3,Volquete,7,997.11,820.32,82.27,10.2,1.22,9472.56,8407.29,Sin incidencia,Conforme
OV-00786,2026-09-12,Frente 01,Subbase granular,m3,Motoniveladora,8,496.25,423.55,85.35,8.07,1.4,15880.02,13780.38,Espera de topografía,Conforme
OV-00787,2026-09-12,Frente 01,Cunetas de concreto,m,Motoniveladora,8,119.33,136.79,114.63,9.1,1.21,17303.44,21270.61,Cambio de frente,Conforme
OV-00788,2026-09-12,Frente 02,Desbroce y limpieza,m2,Volquete,9,1722.14,1252.26,72.72,8.65,0.56,4821.99,3603.59,Sin incidencia,Conforme
OV-00789,2026-09-13,Frente 02,Base granular,m3,Pavimentadora,8,471.36,436.21,92.54,9.77,1.55,17911.58,16979.98,Falla mecánica,Observado
OV-00790,2026-09-13,Frente 01,Pavimento asfáltico,t,Volquete,4,298.78,283.0,94.72,9.72,0.44,55274.78,52892.99,Sin incidencia,Conforme
OV-00791,2026-09-13,Frente 01,Excavación roca fija,m3,Cargador frontal,5,428.09,361.0,84.33,10.13,1.26,11986.45,11047.73,Cambio de frente,Conforme
OV-00792,2026-09-14,Frente 01,Pavimento asfáltico,t,Cargador frontal,9,288.49,236.29,81.91,10.42,2.35,53371.05,44047.64,Espera de topografía,Conforme
OV-00793,2026-09-14,Frente 03,Excavación material suelto,m3,Pavimentadora,5,997.03,868.47,87.11,9.65,2.45,9471.75,8612.55,Abastecimiento de material,Conforme
OV-00794,2026-09-14,Frente 02,Subbase granular,m3,Excavadora,4,489.56,402.56,82.23,10.32,1.83,15665.79,13875.41,Sin incidencia,Conforme
OV-00795,2026-09-15,Frente 02,Pavimento asfáltico,t,Volquete,8,304.58,308.46,101.27,10.44,0.51,56346.74,62388.13,Sin incidencia,Conforme
OV-00796,2026-09-15,Frente 01,Subbase granular,m3,Cargador frontal,6,541.29,270.65,50.0,7.93,0.66,17321.33,9335.29,Sin incidencia,Conforme
OV-00797,2026-09-15,Frente 01,Desbroce y limpieza,m2,Motoniveladora,7,1713.53,1461.84,85.31,8.92,0.93,4797.88,4094.49,Sin incidencia,Conforme
OV-00798,2026-09-15,Frente 03,Excavación material suelto,m3,Cargador frontal,6,1000.1,1031.34,103.12,8.26,0.69,9500.94,9848.23,Sin incidencia,Conforme
OV-00799,2026-09-16,Frente 03,Cunetas de concreto,m,Motoniveladora,8,109.14,113.52,104.02,10.25,0.66,15825.02,17663.89,Sin incidencia,Conforme
OV-00800,2026-09-16,Frente 01,Desbroce y limpieza,m2,Rodillo,8,1958.91,2059.6,105.14,9.88,1.02,5484.94,5853.7,Sin incidencia,Conforme
OV-00801,2026-09-16,Frente 01,Pavimento asfáltico,t,Cargador frontal,8,315.11,267.68,84.95,8.54,0.91,58295.05,51861.86,Cambio de frente,Conforme
OV-00802,2026-09-17,Frente 02,Excavación roca fija,m3,Volquete,6,407.04,372.42,91.5,9.0,0.89,11397.0,10883.3,Cambio de frente,Conforme
OV-00803,2026-09-17,Frente 01,Subbase granular,m3,Rodillo,7,553.76,530.33,95.77,10.23,0.82,17720.47,18383.57,Sin incidencia,Conforme
OV-00804,2026-09-17,Frente 01,Base granular,m3,Volquete,9,459.05,336.24,73.25,9.45,1.28,17443.91,13902.8,Sin incidencia,Conforme
OV-00805,2026-09-17,Frente 01,Pavimento asfáltico,t,Excavadora,5,322.79,295.71,91.61,9.55,0.0,59715.53,56839.39,Sin incidencia,Conforme
OV-00806,2026-09-18,Frente 01,Pavimento asfáltico,t,Cargador frontal,7,337.93,298.22,88.25,9.51,1.53,62516.26,60146.79,Sin incidencia,Conforme
OV-00807,2026-09-18,Frente 03,Excavación roca fija,m3,Excavadora,9,455.74,398.13,87.36,7.77,1.56,12760.63,11709.93,Sin incidencia,Conforme
OV-00808,2026-09-18,Frente 01,Cunetas de concreto,m,Rodillo,9,104.44,80.41,76.99,8.53,1.85,15143.63,12011.05,Sin incidencia,Conforme
OV-00809,2026-09-18,Frente 03,Subbase granular,m3,Pavimentadora,5,485.04,390.57,80.52,9.23,0.48,15521.29,12583.94,Espera de topografía,Conforme
OV-00810,2026-09-19,Frente 02,Desbroce y limpieza,m2,Motoniveladora,7,1949.26,1610.26,82.61,9.79,1.24,5457.93,4639.69,Sin incidencia,Conforme
OV-00811,2026-09-19,Frente 01,Base granular,m3,Cargador frontal,8,449.18,404.11,89.97,10.08,0.72,17068.95,16415.47,Abastecimiento de material,Conforme
OV-00812,2026-09-19,Frente 03,Cunetas de concreto,m,Pavimentadora,4,113.97,92.82,81.45,9.0,1.89,16525.1,14212.08,Sin incidencia,Conforme
OV-00813,2026-09-19,Frente 03,Excavación roca fija,m3,Volquete,4,410.86,348.53,84.83,11.61,1.48,11504.14,10394.85,Sin incidencia,Conforme
OV-00814,2026-09-20,Frente 01,Pavimento asfáltico,t,Volquete,7,331.55,297.31,89.67,8.61,2.54,61336.95,55765.17,Sin incidencia,Conforme
OV-00815,2026-09-20,Frente 03,Subbase granular,m3,Pavimentadora,9,551.71,415.9,75.38,9.67,1.31,17654.86,13914.76,Sin incidencia,Conforme
OV-00816,2026-09-21,Frente 01,Pavimento asfáltico,t,Cargador frontal,9,317.76,220.56,69.41,7.99,0.98,58785.41,44172.28,Sin incidencia,Conforme
OV-00817,2026-09-21,Frente 01,Excavación roca fija,m3,Volquete,5,399.7,464.46,116.2,11.35,1.33,11191.59,13127.38,Cambio de frente,Observado
OV-00818,2026-09-21,Frente 01,Base granular,m3,Rodillo,8,457.46,275.78,60.29,9.55,0.9,17383.58,11414.33,Sin incidencia,Conforme
OV-00819,2026-09-22,Frente 03,Excavación roca fija,m3,Cargador frontal,9,401.41,380.55,94.8,8.04,0.0,11239.58,11439.89,Sin incidencia,Conforme
OV-00820,2026-09-22,Frente 02,Desbroce y limpieza,m2,Rodillo,7,1739.16,1042.11,59.92,9.13,1.73,4869.65,2968.91,Sin incidencia,Conforme
OV-00821,2026-09-22,Frente 02,Pavimento asfáltico,t,Pavimentadora,4,316.63,307.14,97.0,8.4,0.42,58577.0,62472.98,Sin incidencia,Conforme
OV-00822,2026-09-23,Frente 02,Cunetas de concreto,m,Pavimentadora,7,113.68,104.49,91.92,9.09,0.61,16483.16,15852.72,Sin incidencia,Conforme
OV-00823,2026-09-23,Frente 03,Excavación roca fija,m3,Motoniveladora,7,400.02,423.19,105.79,10.0,1.26,11200.69,13027.02,Sin incidencia,Conforme
OV-00824,2026-09-23,Frente 01,Desbroce y limpieza,m2,Excavadora,8,1928.38,1756.63,91.09,8.44,0.74,5399.46,5341.44,Sin incidencia,Conforme
OV-00825,2026-09-23,Frente 02,Base granular,m3,Volquete,7,489.38,406.65,83.1,9.87,2.33,18596.4,16037.41,Abastecimiento de material,Conforme
OV-00826,2026-09-24,Frente 02,Excavación material suelto,m3,Volquete,7,950.74,583.97,61.42,8.46,1.48,9032.02,5556.01,Abastecimiento de material,Conforme
OV-00827,2026-09-24,Frente 03,Cunetas de concreto,m,Excavadora,6,109.12,93.8,85.96,8.36,1.2,15822.66,13613.94,Sin incidencia,Conforme
OV-00828,2026-09-24,Frente 02,Desbroce y limpieza,m2,Pavimentadora,5,1871.68,1634.28,87.32,9.49,2.06,5240.71,4920.74,Sin incidencia,Conforme
OV-00829,2026-09-25,Frente 01,Desbroce y limpieza,m2,Volquete,4,1779.01,1928.08,108.38,11.06,1.19,4981.24,5559.93,Sin incidencia,Conforme
OV-00830,2026-09-25,Frente 03,Excavación roca fija,m3,Motoniveladora,7,457.74,329.2,71.92,8.04,1.3,12816.63,9496.71,Sin incidencia,Conforme
OV-00831,2026-09-26,Frente 02,Subbase granular,m3,Cargador frontal,4,496.97,329.74,66.35,9.56,1.79,15903.12,11404.59,Sin incidencia,Conforme
OV-00832,2026-09-26,Frente 01,Desbroce y limpieza,m2,Motoniveladora,5,1672.85,1419.65,84.86,8.22,1.74,4683.99,4027.36,Cambio de frente,Conforme
OV-00833,2026-09-26,Frente 01,Base granular,m3,Motoniveladora,5,412.75,367.73,89.09,9.14,1.93,15684.65,14174.43,Cambio de frente,Conforme
OV-00834,2026-09-27,Frente 03,Pavimento asfáltico,t,Cargador frontal,9,299.58,217.88,72.73,10.63,1.42,55422.51,43681.32,Sin incidencia,Conforme
OV-00835,2026-09-27,Frente 02,Desbroce y limpieza,m2,Rodillo,7,1709.28,2051.14,120.0,8.42,2.14,4786.0,6041.3,Cambio de frente,Conforme
OV-00836,2026-09-27,Frente 02,Excavación roca fija,m3,Cargador frontal,9,413.07,435.93,105.53,8.41,0.34,11565.85,12251.68,Falla mecánica,Conforme
OV-00837,2026-09-27,Frente 03,Subbase granular,m3,Excavadora,7,510.3,442.37,86.69,9.89,1.32,16329.57,14546.72,Espera de topografía,Conforme
OV-00838,2026-09-28,Frente 02,Subbase granular,m3,Cargador frontal,7,484.66,462.35,95.4,6.6,2.09,15509.01,15445.05,Sin incidencia,Conforme
OV-00839,2026-09-28,Frente 02,Desbroce y limpieza,m2,Excavadora,7,1693.74,1855.22,109.53,9.81,0.0,4742.47,5447.21,Espera de topografía,Conforme
OV-00840,2026-09-28,Frente 03,Base granular,m3,Cargador frontal,4,451.31,239.59,53.09,9.01,1.04,17149.72,9253.42,Abastecimiento de material,Conforme
OV-00841,2026-09-28,Frente 03,Cunetas de concreto,m,Pavimentadora,9,116.95,130.37,111.47,8.87,1.26,16958.29,20435.64,Sin incidencia,Conforme
OV-00842,2026-09-29,Frente 01,Cunetas de concreto,m,Cargador frontal,5,110.41,115.7,104.8,8.7,0.95,16008.85,17945.36,Sin incidencia,Conforme
OV-00843,2026-09-29,Frente 01,Excavación roca fija,m3,Motoniveladora,4,427.42,333.88,78.12,8.66,1.9,11967.7,9716.03,Sin incidencia,Conforme
OV-00844,2026-09-29,Frente 01,Subbase granular,m3,Cargador frontal,8,556.99,481.61,86.47,9.12,1.89,17823.6,15941.37,Sin incidencia,Conforme
OV-00845,2026-09-30,Frente 02,Base granular,m3,Excavadora,4,476.63,404.07,84.78,8.61,0.34,18111.97,15434.25,Abastecimiento de material,Conforme
OV-00846,2026-09-30,Frente 01,Cunetas de concreto,m,Excavadora,4,120.15,101.45,84.43,9.1,2.54,17422.44,15553.51,Sin incidencia,Observado
